REGION,FUEL,YEAR,VALUE
REGION1,ATNG,2021,220.774
REGION1,BENG,2021,468.982
REGION1,BGNG,2021,61.871
REGION1,HRNG,2021,59.759
REGION1,CYNG,2021,0.0
REGION1,CZNG,2021,233.81
REGION1,DKNG,2021,68.361
REGION1,EENG,2021,11.088
REGION1,FING,2021,34.258
REGION1,FRNG,2021,1247.675
REGION1,DENG,2021,2513.5
REGION1,GRNG,2021,62.038
REGION1,HUNG,2021,277.146
REGION1,IENG,2021,81.154
REGION1,ITNG,2021,1559.539
REGION1,LVNG,2021,14.716
REGION1,LTNG,2021,60.187
REGION1,LUNG,2021,25.436
REGION1,MTNG,2021,0.0
REGION1,NLNG,2021,829.047
REGION1,NONG,2021,34.951
REGION1,PLNG,2021,531.875
REGION1,PTNG,2021,80.711
REGION1,RONG,2021,290.995
REGION1,SKNG,2021,130.095
REGION1,SING,2021,26.061
REGION1,ESNG,2021,674.666
REGION1,SENG,2021,34.189
REGION1,CHNG,2021,124.556
REGION1,UKNG,2021,1675.236
REGION1,DZNG,2021,836.603
REGION1,AONG,2021,14.802
REGION1,BJNG,2021,0.0
REGION1,BWNG,2021,0.0
REGION1,BFNG,2021,0.0
REGION1,BING,2021,0.0
REGION1,CMNG,2021,0.0
REGION1,CFNG,2021,0.0
REGION1,TDNG,2021,0.0
REGION1,CDNG,2021,0.0
REGION1,CING,2021,8.503
REGION1,DJNG,2021,0.0
REGION1,EGNG,2021,597.308
REGION1,GQNG,2021,90.409
REGION1,ERNG,2021,0.0
REGION1,ETNG,2021,0.0
REGION1,GANG,2021,0.107
REGION1,GMNG,2021,0.0
REGION1,GHNG,2021,5.773
REGION1,GNNG,2021,0.0
REGION1,GWNG,2021,0.0
REGION1,KENG,2021,0.0
REGION1,LSNG,2021,0.0
REGION1,LRNG,2021,0.0
REGION1,LYNG,2021,31.918
REGION1,MWNG,2021,0.0
REGION1,MLNG,2021,0.0
REGION1,MRNG,2021,0.0
REGION1,MANG,2021,3.45
REGION1,MZNG,2021,3.858
REGION1,NANG,2021,0.0
REGION1,NENG,2021,0.0
REGION1,NGNG,2021,185.282
REGION1,CGNG,2021,0.0
REGION1,RWNG,2021,0.0
REGION1,SNNG,2021,0.0
REGION1,SLNG,2021,0.0
REGION1,SONG,2021,0.0
REGION1,ZANG,2021,63.965
REGION1,SSNG,2021,0.0
REGION1,SDNG,2021,0.0
REGION1,SZNG,2021,0.0
REGION1,TZNG,2021,14.836
REGION1,TGNG,2021,0.0
REGION1,TNNG,2021,63.252
REGION1,UGNG,2021,0.0
REGION1,ZMNG,2021,0.0
REGION1,ZWNG,2021,0.0
REGION1,ATNG,2022,195.037
REGION1,BENG,2022,383.317
REGION1,BGNG,2022,51.88
REGION1,HRNG,2022,46.056
REGION1,CYNG,2022,0.0
REGION1,CZNG,2022,200.054
REGION1,DKNG,2022,55.336
REGION1,EENG,2022,7.466
REGION1,FING,2022,27.967
REGION1,FRNG,2022,1069.354
REGION1,DENG,2022,2156.139
REGION1,GRNG,2022,50.386
REGION1,HUNG,2022,231.071
REGION1,IENG,2022,75.372
REGION1,ITNG,2022,1344.893
REGION1,LVNG,2022,12.457
REGION1,LTNG,2022,44.538
REGION1,LUNG,2022,20.033
REGION1,MTNG,2022,0.0
REGION1,NLNG,2022,648.779
REGION1,NONG,2022,30.218
REGION1,PLNG,2022,474.571
REGION1,PTNG,2022,73.085
REGION1,RONG,2022,226.451
REGION1,SKNG,2022,116.142
REGION1,SING,2022,23.458
REGION1,ESNG,2022,571.521
REGION1,SENG,2022,23.125
REGION1,CHNG,2022,102.945
REGION1,UKNG,2022,1447.61
REGION1,DZNG,2022,895.125
REGION1,AONG,2022,8.97
REGION1,BJNG,2022,0.0
REGION1,BWNG,2022,0.0
REGION1,BFNG,2022,0.0
REGION1,BING,2022,0.0
REGION1,CMNG,2022,0.0
REGION1,CFNG,2022,0.0
REGION1,TDNG,2022,0.0
REGION1,CDNG,2022,0.0
REGION1,CING,2022,13.871000000000052
REGION1,DJNG,2022,0.0
REGION1,EGNG,2022,660.586
REGION1,GQNG,2022,90.40899999999998
REGION1,ERNG,2022,0.0
REGION1,ETNG,2022,0.0
REGION1,GANG,2022,0.11000000000000001
REGION1,GMNG,2022,0.0
REGION1,GHNG,2022,8.0979999999999
REGION1,GNNG,2022,0.0
REGION1,GWNG,2022,0.0
REGION1,KENG,2022,0.0
REGION1,LSNG,2022,0.0
REGION1,LRNG,2022,0.0
REGION1,LYNG,2022,38.019
REGION1,MWNG,2022,0.0
REGION1,MLNG,2022,0.0
REGION1,MRNG,2022,0.0
REGION1,MANG,2022,2.397
REGION1,MZNG,2022,5.027
REGION1,NANG,2022,0.0
REGION1,NENG,2022,0.0
REGION1,NGNG,2022,165.771
REGION1,CGNG,2022,0.0
REGION1,RWNG,2022,0.0
REGION1,SNNG,2022,0.0
REGION1,SLNG,2022,0.0
REGION1,SONG,2022,0.0
REGION1,ZANG,2022,59.25
REGION1,SSNG,2022,0.0
REGION1,SDNG,2022,0.0
REGION1,SZNG,2022,0.0
REGION1,TZNG,2022,16.753
REGION1,TGNG,2022,0.0
REGION1,TNNG,2022,70.731
REGION1,UGNG,2022,0.0
REGION1,ZMNG,2022,0.0
REGION1,ZWNG,2022,0.0
REGION1,ATNG,2023,174.744
REGION1,BENG,2023,375.717
REGION1,BGNG,2023,47.552
REGION1,HRNG,2023,47.182
REGION1,CYNG,2023,0.0
REGION1,CZNG,2023,178.33
REGION1,DKNG,2023,54.969
REGION1,EENG,2023,6.763
REGION1,FING,2023,24.848
REGION1,FRNG,2023,981.571
REGION1,DENG,2023,2021.601
REGION1,GRNG,2023,49.9
REGION1,HUNG,2023,208.108
REGION1,IENG,2023,69.311
REGION1,ITNG,2023,1253.705
REGION1,LVNG,2023,11.628
REGION1,LTNG,2023,43.759
REGION1,LUNG,2023,19.223
REGION1,MTNG,2023,0.0
REGION1,NLNG,2023,600.299
REGION1,NONG,2023,29.985
REGION1,PLNG,2023,450.345
REGION1,PTNG,2023,71.15
REGION1,RONG,2023,210.35
REGION1,SKNG,2023,106.832
REGION1,SING,2023,22.078
REGION1,ESNG,2023,556.807
REGION1,SENG,2023,20.369
REGION1,CHNG,2023,102.945
REGION1,UKNG,2023,1447.61
REGION1,DZNG,2023,917.876
REGION1,AONG,2023,10.715
REGION1,BJNG,2023,0.0
REGION1,BWNG,2023,0.0
REGION1,BFNG,2023,0.0
REGION1,BING,2023,0.0
REGION1,CMNG,2023,0.0
REGION1,CFNG,2023,0.0
REGION1,TDNG,2023,0.0
REGION1,CDNG,2023,0.0
REGION1,CING,2023,56.24096428571434
REGION1,DJNG,2023,0.0
REGION1,EGNG,2023,654.229
REGION1,GQNG,2023,102.0693607142857
REGION1,ERNG,2023,0.0
REGION1,ETNG,2023,0.0
REGION1,GANG,2023,0.12392857142857144
REGION1,GMNG,2023,0.0
REGION1,GHNG,2023,32.83271428571419
REGION1,GNNG,2023,0.0
REGION1,GWNG,2023,0.0
REGION1,KENG,2023,0.0
REGION1,LSNG,2023,0.0
REGION1,LRNG,2023,0.0
REGION1,LYNG,2023,39.451
REGION1,MWNG,2023,0.0
REGION1,MLNG,2023,0.0
REGION1,MRNG,2023,0.0
REGION1,MANG,2023,1.925
REGION1,MZNG,2023,7.439
REGION1,NANG,2023,0.0
REGION1,NENG,2023,0.0
REGION1,NGNG,2023,214.412
REGION1,CGNG,2023,0.0
REGION1,RWNG,2023,0.0
REGION1,SNNG,2023,0.0
REGION1,SLNG,2023,0.0
REGION1,SONG,2023,0.0
REGION1,ZANG,2023,60.666
REGION1,SSNG,2023,0.0
REGION1,SDNG,2023,0.0
REGION1,SZNG,2023,0.0
REGION1,TZNG,2023,24.793
REGION1,TGNG,2023,0.0
REGION1,TNNG,2023,60.244
REGION1,UGNG,2023,0.0
REGION1,ZMNG,2023,0.0
REGION1,ZWNG,2023,0.0
REGION1,ATNG,2024,177.284
REGION1,BENG,2024,381.049
REGION1,BGNG,2024,48.316
REGION1,HRNG,2024,47.946
REGION1,CYNG,2024,0.0
REGION1,CZNG,2024,181.49
REGION1,DKNG,2024,55.831
REGION1,EENG,2024,6.869
REGION1,FING,2024,25.211
REGION1,FRNG,2024,996.373
REGION1,DENG,2024,2052.122
REGION1,GRNG,2024,50.606
REGION1,HUNG,2024,211.498
REGION1,IENG,2024,70.398
REGION1,ITNG,2024,1273.056
REGION1,LVNG,2024,11.81
REGION1,LTNG,2024,44.135
REGION1,LUNG,2024,19.524
REGION1,MTNG,2024,0.0
REGION1,NLNG,2024,608.663
REGION1,NONG,2024,30.21
REGION1,PLNG,2024,457.403
REGION1,PTNG,2024,72.23
REGION1,RONG,2024,214.107
REGION1,SKNG,2024,108.523
REGION1,SING,2024,22.471
REGION1,ESNG,2024,565.243
REGION1,SENG,2024,20.574
REGION1,CHNG,2024,104.56
REGION1,UKNG,2024,1470.099
REGION1,DZNG,2024,940.626
REGION1,AONG,2024,12.46
REGION1,BJNG,2024,0.0
REGION1,BWNG,2024,0.0
REGION1,BFNG,2024,0.0
REGION1,BING,2024,0.0
REGION1,CMNG,2024,0.0
REGION1,CFNG,2024,0.0
REGION1,TDNG,2024,0.0
REGION1,CDNG,2024,0.0
REGION1,CING,2024,98.61092857142863
REGION1,DJNG,2024,0.0
REGION1,EGNG,2024,647.872
REGION1,GQNG,2024,113.72972142857141
REGION1,ERNG,2024,0.0
REGION1,ETNG,2024,0.0
REGION1,GANG,2024,0.13785714285714287
REGION1,GMNG,2024,0.0
REGION1,GHNG,2024,57.56742857142848
REGION1,GNNG,2024,0.0
REGION1,GWNG,2024,0.0
REGION1,KENG,2024,0.0
REGION1,LSNG,2024,0.0
REGION1,LRNG,2024,0.0
REGION1,LYNG,2024,40.883
REGION1,MWNG,2024,0.0
REGION1,MLNG,2024,0.0
REGION1,MRNG,2024,0.0
REGION1,MANG,2024,1.454
REGION1,MZNG,2024,9.852
REGION1,NANG,2024,0.0
REGION1,NENG,2024,0.0
REGION1,NGNG,2024,263.053
REGION1,CGNG,2024,0.0
REGION1,RWNG,2024,0.0
REGION1,SNNG,2024,0.0
REGION1,SLNG,2024,0.0
REGION1,SONG,2024,0.0
REGION1,ZANG,2024,62.081
REGION1,SSNG,2024,0.0
REGION1,SDNG,2024,0.0
REGION1,SZNG,2024,0.0
REGION1,TZNG,2024,32.832
REGION1,TGNG,2024,0.0
REGION1,TNNG,2024,49.756
REGION1,UGNG,2024,0.0
REGION1,ZMNG,2024,0.0
REGION1,ZWNG,2024,0.0
REGION1,ATNG,2025,179.823
REGION1,BENG,2025,386.382
REGION1,BGNG,2025,49.08
REGION1,HRNG,2025,48.709
REGION1,CYNG,2025,0.0
REGION1,CZNG,2025,184.65
REGION1,DKNG,2025,56.693
REGION1,EENG,2025,6.975
REGION1,FING,2025,25.573
REGION1,FRNG,2025,1011.176
REGION1,DENG,2025,2082.642
REGION1,GRNG,2025,51.311
REGION1,HUNG,2025,214.889
REGION1,IENG,2025,71.485
REGION1,ITNG,2025,1292.407
REGION1,LVNG,2025,11.993
REGION1,LTNG,2025,44.511
REGION1,LUNG,2025,19.826
REGION1,MTNG,2025,0.0
REGION1,NLNG,2025,617.028
REGION1,NONG,2025,30.436
REGION1,PLNG,2025,464.462
REGION1,PTNG,2025,73.31
REGION1,RONG,2025,217.863
REGION1,SKNG,2025,110.215
REGION1,SING,2025,22.864
REGION1,ESNG,2025,573.678
REGION1,SENG,2025,20.779
REGION1,CHNG,2025,106.174
REGION1,UKNG,2025,1492.587
REGION1,DZNG,2025,963.377
REGION1,AONG,2025,14.205
REGION1,BJNG,2025,0.0
REGION1,BWNG,2025,0.0
REGION1,BFNG,2025,0.0
REGION1,BING,2025,0.0
REGION1,CMNG,2025,0.0
REGION1,CFNG,2025,0.0
REGION1,TDNG,2025,0.0
REGION1,CDNG,2025,0.0
REGION1,CING,2025,140.98089285714292
REGION1,DJNG,2025,0.0
REGION1,EGNG,2025,641.515
REGION1,GQNG,2025,125.39008214285712
REGION1,ERNG,2025,0.0
REGION1,ETNG,2025,0.0
REGION1,GANG,2025,0.1517857142857143
REGION1,GMNG,2025,0.0
REGION1,GHNG,2025,82.30214285714277
REGION1,GNNG,2025,0.0
REGION1,GWNG,2025,0.0
REGION1,KENG,2025,0.0
REGION1,LSNG,2025,0.0
REGION1,LRNG,2025,0.0
REGION1,LYNG,2025,42.315
REGION1,MWNG,2025,0.0
REGION1,MLNG,2025,0.0
REGION1,MRNG,2025,0.0
REGION1,MANG,2025,0.982
REGION1,MZNG,2025,12.264
REGION1,NANG,2025,0.0
REGION1,NENG,2025,0.0
REGION1,NGNG,2025,311.694
REGION1,CGNG,2025,0.0
REGION1,RWNG,2025,0.0
REGION1,SNNG,2025,0.0
REGION1,SLNG,2025,0.0
REGION1,SONG,2025,0.0
REGION1,ZANG,2025,63.497
REGION1,SSNG,2025,0.0
REGION1,SDNG,2025,0.0
REGION1,SZNG,2025,0.0
REGION1,TZNG,2025,40.872
REGION1,TGNG,2025,0.0
REGION1,TNNG,2025,39.269
REGION1,UGNG,2025,0.0
REGION1,ZMNG,2025,0.0
REGION1,ZWNG,2025,0.0
REGION1,ATNG,2026,179.637
REGION1,BENG,2026,385.989
REGION1,BGNG,2026,49.337
REGION1,HRNG,2026,48.965
REGION1,CYNG,2026,0.0
REGION1,CZNG,2026,185.712
REGION1,DKNG,2026,56.63
REGION1,EENG,2026,6.967
REGION1,FING,2026,25.546
REGION1,FRNG,2026,1010.088
REGION1,DENG,2026,2080.398
REGION1,GRNG,2026,51.259
REGION1,HUNG,2026,216.028
REGION1,IENG,2026,71.405
REGION1,ITNG,2026,1290.984
REGION1,LVNG,2026,11.979
REGION1,LTNG,2026,44.484
REGION1,LUNG,2026,19.804
REGION1,MTNG,2026,0.0
REGION1,NLNG,2026,616.412
REGION1,NONG,2026,30.419
REGION1,PLNG,2026,466.835
REGION1,PTNG,2026,73.23
REGION1,RONG,2026,219.126
REGION1,SKNG,2026,110.783
REGION1,SING,2026,22.996
REGION1,ESNG,2026,573.058
REGION1,SENG,2026,20.764
REGION1,CHNG,2026,106.056
REGION1,UKNG,2026,1490.933
REGION1,DZNG,2026,993.382
REGION1,AONG,2026,16.498
REGION1,BJNG,2026,0.0
REGION1,BWNG,2026,0.0
REGION1,BFNG,2026,0.0
REGION1,BING,2026,0.0
REGION1,CMNG,2026,0.0
REGION1,CFNG,2026,0.0
REGION1,TDNG,2026,0.0
REGION1,CDNG,2026,0.0
REGION1,CING,2026,183.3508571428572
REGION1,DJNG,2026,0.0
REGION1,EGNG,2026,668.689
REGION1,GQNG,2026,137.05044285714285
REGION1,ERNG,2026,0.0
REGION1,ETNG,2026,0.0
REGION1,GANG,2026,0.1657142857142857
REGION1,GMNG,2026,0.0
REGION1,GHNG,2026,107.03685714285706
REGION1,GNNG,2026,0.0
REGION1,GWNG,2026,0.0
REGION1,KENG,2026,0.0
REGION1,LSNG,2026,0.0
REGION1,LRNG,2026,0.0
REGION1,LYNG,2026,43.552
REGION1,MWNG,2026,0.0
REGION1,MLNG,2026,0.0
REGION1,MRNG,2026,0.0
REGION1,MANG,2026,0.984
REGION1,MZNG,2026,13.197
REGION1,NANG,2026,0.0
REGION1,NENG,2026,0.0
REGION1,NGNG,2026,324.686
REGION1,CGNG,2026,0.0
REGION1,RWNG,2026,0.0
REGION1,SNNG,2026,0.0
REGION1,SLNG,2026,0.0
REGION1,SONG,2026,0.0
REGION1,ZANG,2026,65.634
REGION1,SSNG,2026,0.0
REGION1,SDNG,2026,0.0
REGION1,SZNG,2026,0.0
REGION1,TZNG,2026,43.981
REGION1,TGNG,2026,0.0
REGION1,TNNG,2026,41.056
REGION1,UGNG,2026,0.0
REGION1,ZMNG,2026,0.0
REGION1,ZWNG,2026,0.0
REGION1,ATNG,2027,179.45
REGION1,BENG,2027,385.597
REGION1,BGNG,2027,49.594
REGION1,HRNG,2027,49.222
REGION1,CYNG,2027,0.0
REGION1,CZNG,2027,186.775
REGION1,DKNG,2027,56.566
REGION1,EENG,2027,6.959
REGION1,FING,2027,25.52
REGION1,FRNG,2027,1008.999
REGION1,DENG,2027,2078.153
REGION1,GRNG,2027,51.207
REGION1,HUNG,2027,217.168
REGION1,IENG,2027,71.325
REGION1,ITNG,2027,1289.561
REGION1,LVNG,2027,11.966
REGION1,LTNG,2027,44.456
REGION1,LUNG,2027,19.781
REGION1,MTNG,2027,0.0
REGION1,NLNG,2027,615.797
REGION1,NONG,2027,30.403
REGION1,PLNG,2027,469.208
REGION1,PTNG,2027,73.151
REGION1,RONG,2027,220.389
REGION1,SKNG,2027,111.352
REGION1,SING,2027,23.128
REGION1,ESNG,2027,572.437
REGION1,SENG,2027,20.749
REGION1,CHNG,2027,105.937
REGION1,UKNG,2027,1489.28
REGION1,DZNG,2027,1023.386
REGION1,AONG,2027,18.791
REGION1,BJNG,2027,0.0
REGION1,BWNG,2027,0.0
REGION1,BFNG,2027,0.0
REGION1,BING,2027,0.0
REGION1,CMNG,2027,0.0
REGION1,CFNG,2027,0.0
REGION1,TDNG,2027,0.0
REGION1,CDNG,2027,0.0
REGION1,CING,2027,225.7208214285715
REGION1,DJNG,2027,0.0
REGION1,EGNG,2027,695.863
REGION1,GQNG,2027,148.71080357142856
REGION1,ERNG,2027,0.0
REGION1,ETNG,2027,0.0
REGION1,GANG,2027,0.17964285714285716
REGION1,GMNG,2027,0.0
REGION1,GHNG,2027,131.77157142857135
REGION1,GNNG,2027,0.0
REGION1,GWNG,2027,0.0
REGION1,KENG,2027,0.0
REGION1,LSNG,2027,0.0
REGION1,LRNG,2027,0.0
REGION1,LYNG,2027,44.789
REGION1,MWNG,2027,0.0
REGION1,MLNG,2027,0.0
REGION1,MRNG,2027,0.0
REGION1,MANG,2027,0.985
REGION1,MZNG,2027,14.13
REGION1,NANG,2027,0.0
REGION1,NENG,2027,0.0
REGION1,NGNG,2027,337.679
REGION1,CGNG,2027,0.0
REGION1,RWNG,2027,0.0
REGION1,SNNG,2027,0.0
REGION1,SLNG,2027,0.0
REGION1,SONG,2027,0.0
REGION1,ZANG,2027,67.772
REGION1,SSNG,2027,0.0
REGION1,SDNG,2027,0.0
REGION1,SZNG,2027,0.0
REGION1,TZNG,2027,47.09
REGION1,TGNG,2027,0.0
REGION1,TNNG,2027,42.842
REGION1,UGNG,2027,0.0
REGION1,ZMNG,2027,0.0
REGION1,ZWNG,2027,0.0
REGION1,ATNG,2028,179.263
REGION1,BENG,2028,385.205
REGION1,BGNG,2028,49.851
REGION1,HRNG,2028,49.478
REGION1,CYNG,2028,0.0
REGION1,CZNG,2028,187.837
REGION1,DKNG,2028,56.503
REGION1,EENG,2028,6.952
REGION1,FING,2028,25.493
REGION1,FRNG,2028,1007.91
REGION1,DENG,2028,2075.909
REGION1,GRNG,2028,51.155
REGION1,HUNG,2028,218.308
REGION1,IENG,2028,71.245
REGION1,ITNG,2028,1288.138
REGION1,LVNG,2028,11.952
REGION1,LTNG,2028,44.428
REGION1,LUNG,2028,19.759
REGION1,MTNG,2028,0.0
REGION1,NLNG,2028,615.182
REGION1,NONG,2028,30.386
REGION1,PLNG,2028,471.581
REGION1,PTNG,2028,73.072
REGION1,RONG,2028,221.652
REGION1,SKNG,2028,111.921
REGION1,SING,2028,23.26
REGION1,ESNG,2028,571.817
REGION1,SENG,2028,20.734
REGION1,CHNG,2028,105.818
REGION1,UKNG,2028,1487.626
REGION1,DZNG,2028,1053.391
REGION1,AONG,2028,21.084
REGION1,BJNG,2028,0.0
REGION1,BWNG,2028,0.0
REGION1,BFNG,2028,0.0
REGION1,BING,2028,0.0
REGION1,CMNG,2028,0.0
REGION1,CFNG,2028,0.0
REGION1,TDNG,2028,0.0
REGION1,CDNG,2028,0.0
REGION1,CING,2028,268.0907857142858
REGION1,DJNG,2028,0.0
REGION1,EGNG,2028,723.037
REGION1,GQNG,2028,160.37116428571426
REGION1,ERNG,2028,0.0
REGION1,ETNG,2028,0.0
REGION1,GANG,2028,0.19357142857142856
REGION1,GMNG,2028,0.0
REGION1,GHNG,2028,156.50628571428564
REGION1,GNNG,2028,0.0
REGION1,GWNG,2028,0.0
REGION1,KENG,2028,0.0
REGION1,LSNG,2028,0.0
REGION1,LRNG,2028,0.0
REGION1,LYNG,2028,46.026
REGION1,MWNG,2028,0.0
REGION1,MLNG,2028,0.0
REGION1,MRNG,2028,0.0
REGION1,MANG,2028,0.987
REGION1,MZNG,2028,15.063
REGION1,NANG,2028,0.0
REGION1,NENG,2028,0.0
REGION1,NGNG,2028,350.672
REGION1,CGNG,2028,0.0
REGION1,RWNG,2028,0.0
REGION1,SNNG,2028,0.0
REGION1,SLNG,2028,0.0
REGION1,SONG,2028,0.0
REGION1,ZANG,2028,69.91
REGION1,SSNG,2028,0.0
REGION1,SDNG,2028,0.0
REGION1,SZNG,2028,0.0
REGION1,TZNG,2028,50.199
REGION1,TGNG,2028,0.0
REGION1,TNNG,2028,44.629
REGION1,UGNG,2028,0.0
REGION1,ZMNG,2028,0.0
REGION1,ZWNG,2028,0.0
REGION1,ATNG,2029,179.076
REGION1,BENG,2029,384.813
REGION1,BGNG,2029,50.108
REGION1,HRNG,2029,49.735
REGION1,CYNG,2029,0.0
REGION1,CZNG,2029,188.9
REGION1,DKNG,2029,56.439
REGION1,EENG,2029,6.944
REGION1,FING,2029,25.467
REGION1,FRNG,2029,1006.822
REGION1,DENG,2029,2073.664
REGION1,GRNG,2029,51.104
REGION1,HUNG,2029,219.448
REGION1,IENG,2029,71.165
REGION1,ITNG,2029,1286.715
REGION1,LVNG,2029,11.939
REGION1,LTNG,2029,44.401
REGION1,LUNG,2029,19.737
REGION1,MTNG,2029,0.0
REGION1,NLNG,2029,614.567
REGION1,NONG,2029,30.37
REGION1,PLNG,2029,473.955
REGION1,PTNG,2029,72.992
REGION1,RONG,2029,222.915
REGION1,SKNG,2029,112.489
REGION1,SING,2029,23.392
REGION1,ESNG,2029,571.197
REGION1,SENG,2029,20.719
REGION1,CHNG,2029,105.699
REGION1,UKNG,2029,1485.972
REGION1,DZNG,2029,1083.396
REGION1,AONG,2029,23.377
REGION1,BJNG,2029,0.0
REGION1,BWNG,2029,0.0
REGION1,BFNG,2029,0.0
REGION1,BING,2029,0.0
REGION1,CMNG,2029,0.0
REGION1,CFNG,2029,0.0
REGION1,TDNG,2029,0.0
REGION1,CDNG,2029,0.0
REGION1,CING,2029,310.4607500000001
REGION1,DJNG,2029,0.0
REGION1,EGNG,2029,750.212
REGION1,GQNG,2029,172.031525
REGION1,ERNG,2029,0.0
REGION1,ETNG,2029,0.0
REGION1,GANG,2029,0.20750000000000002
REGION1,GMNG,2029,0.0
REGION1,GHNG,2029,181.24099999999993
REGION1,GNNG,2029,0.0
REGION1,GWNG,2029,0.0
REGION1,KENG,2029,0.0
REGION1,LSNG,2029,0.0
REGION1,LRNG,2029,0.0
REGION1,LYNG,2029,47.263
REGION1,MWNG,2029,0.0
REGION1,MLNG,2029,0.0
REGION1,MRNG,2029,0.0
REGION1,MANG,2029,0.989
REGION1,MZNG,2029,15.996
REGION1,NANG,2029,0.0
REGION1,NENG,2029,0.0
REGION1,NGNG,2029,363.665
REGION1,CGNG,2029,0.0
REGION1,RWNG,2029,0.0
REGION1,SNNG,2029,0.0
REGION1,SLNG,2029,0.0
REGION1,SONG,2029,0.0
REGION1,ZANG,2029,72.047
REGION1,SSNG,2029,0.0
REGION1,SDNG,2029,0.0
REGION1,SZNG,2029,0.0
REGION1,TZNG,2029,53.308
REGION1,TGNG,2029,0.0
REGION1,TNNG,2029,46.416
REGION1,UGNG,2029,0.0
REGION1,ZMNG,2029,0.0
REGION1,ZWNG,2029,0.0
REGION1,ATNG,2030,178.889
REGION1,BENG,2030,384.421
REGION1,BGNG,2030,50.364
REGION1,HRNG,2030,49.991
REGION1,CYNG,2030,0.0
REGION1,CZNG,2030,189.962
REGION1,DKNG,2030,56.376
REGION1,EENG,2030,6.936
REGION1,FING,2030,25.44
REGION1,FRNG,2030,1005.733
REGION1,DENG,2030,2071.42
REGION1,GRNG,2030,51.052
REGION1,HUNG,2030,220.588
REGION1,IENG,2030,71.085
REGION1,ITNG,2030,1285.292
REGION1,LVNG,2030,11.926
REGION1,LTNG,2030,44.373
REGION1,LUNG,2030,19.715
REGION1,MTNG,2030,0.0
REGION1,NLNG,2030,613.952
REGION1,NONG,2030,30.353
REGION1,PLNG,2030,476.328
REGION1,PTNG,2030,72.913
REGION1,RONG,2030,224.178
REGION1,SKNG,2030,113.058
REGION1,SING,2030,23.524
REGION1,ESNG,2030,570.576
REGION1,SENG,2030,20.704
REGION1,CHNG,2030,105.581
REGION1,UKNG,2030,1484.318
REGION1,DZNG,2030,1113.401
REGION1,AONG,2030,25.67
REGION1,BJNG,2030,0.0
REGION1,BWNG,2030,0.0
REGION1,BFNG,2030,0.0
REGION1,BING,2030,0.0
REGION1,CMNG,2030,0.0
REGION1,CFNG,2030,0.0
REGION1,TDNG,2030,0.0
REGION1,CDNG,2030,0.0
REGION1,CING,2030,352.83071428571435
REGION1,DJNG,2030,0.0
REGION1,EGNG,2030,777.386
REGION1,GQNG,2030,183.69188571428572
REGION1,ERNG,2030,0.0
REGION1,ETNG,2030,0.0
REGION1,GANG,2030,0.22142857142857142
REGION1,GMNG,2030,0.0
REGION1,GHNG,2030,205.97571428571422
REGION1,GNNG,2030,0.0
REGION1,GWNG,2030,0.0
REGION1,KENG,2030,0.0
REGION1,LSNG,2030,0.0
REGION1,LRNG,2030,0.0
REGION1,LYNG,2030,48.499
REGION1,MWNG,2030,0.0
REGION1,MLNG,2030,0.0
REGION1,MRNG,2030,0.0
REGION1,MANG,2030,0.99
REGION1,MZNG,2030,16.929
REGION1,NANG,2030,0.0
REGION1,NENG,2030,0.0
REGION1,NGNG,2030,376.657
REGION1,CGNG,2030,0.0
REGION1,RWNG,2030,0.0
REGION1,SNNG,2030,0.0
REGION1,SLNG,2030,0.0
REGION1,SONG,2030,0.0
REGION1,ZANG,2030,74.185
REGION1,SSNG,2030,0.0
REGION1,SDNG,2030,0.0
REGION1,SZNG,2030,0.0
REGION1,TZNG,2030,56.417
REGION1,TGNG,2030,0.0
REGION1,TNNG,2030,48.202
REGION1,UGNG,2030,0.0
REGION1,ZMNG,2030,0.0
REGION1,ZWNG,2030,0.0
REGION1,ATNG,2031,183.944
REGION1,BENG,2031,395.033
REGION1,BGNG,2031,49.948
REGION1,HRNG,2031,49.576
REGION1,CYNG,2031,0.0
REGION1,CZNG,2031,188.242
REGION1,DKNG,2031,58.092
REGION1,EENG,2031,7.147
REGION1,FING,2031,26.161
REGION1,FRNG,2031,1035.193
REGION1,DENG,2031,2132.162
REGION1,GRNG,2031,52.456
REGION1,HUNG,2031,218.742
REGION1,IENG,2031,73.249
REGION1,ITNG,2031,1323.805
REGION1,LVNG,2031,12.289
REGION1,LTNG,2031,45.121
REGION1,LUNG,2031,20.315
REGION1,MTNG,2031,0.0
REGION1,NLNG,2031,630.598
REGION1,NONG,2031,30.802
REGION1,PLNG,2031,472.485
REGION1,PTNG,2031,75.062
REGION1,RONG,2031,222.133
REGION1,SKNG,2031,112.137
REGION1,SING,2031,23.31
REGION1,ESNG,2031,587.364
REGION1,SENG,2031,21.112
REGION1,CHNG,2031,108.794
REGION1,UKNG,2031,1529.075
REGION1,DZNG,2031,1171.48
REGION1,AONG,2031,33.371
REGION1,BJNG,2031,0.0
REGION1,BWNG,2031,0.0
REGION1,BFNG,2031,0.0
REGION1,BING,2031,0.0
REGION1,CMNG,2031,0.0
REGION1,CFNG,2031,0.0
REGION1,TDNG,2031,0.0
REGION1,CDNG,2031,0.0
REGION1,CING,2031,395.2006785714286
REGION1,DJNG,2031,0.0
REGION1,EGNG,2031,803.432
REGION1,GQNG,2031,195.35224642857142
REGION1,ERNG,2031,0.0
REGION1,ETNG,2031,0.0
REGION1,GANG,2031,0.23535714285714285
REGION1,GMNG,2031,0.0
REGION1,GHNG,2031,230.7104285714285
REGION1,GNNG,2031,0.0
REGION1,GWNG,2031,0.0
REGION1,KENG,2031,0.0
REGION1,LSNG,2031,0.0
REGION1,LRNG,2031,0.0
REGION1,LYNG,2031,49.79
REGION1,MWNG,2031,0.0
REGION1,MLNG,2031,0.0
REGION1,MRNG,2031,0.0
REGION1,MANG,2031,1.003
REGION1,MZNG,2031,19.379
REGION1,NANG,2031,0.0
REGION1,NENG,2031,0.0
REGION1,NGNG,2031,407.504
REGION1,CGNG,2031,0.0
REGION1,RWNG,2031,0.0
REGION1,SNNG,2031,0.0
REGION1,SLNG,2031,0.0
REGION1,SONG,2031,0.0
REGION1,ZANG,2031,76.542
REGION1,SSNG,2031,0.0
REGION1,SDNG,2031,0.0
REGION1,SZNG,2031,0.0
REGION1,TZNG,2031,64.582
REGION1,TGNG,2031,0.0
REGION1,TNNG,2031,46.183
REGION1,UGNG,2031,0.0
REGION1,ZMNG,2031,0.0
REGION1,ZWNG,2031,0.0
REGION1,ATNG,2032,188.999
REGION1,BENG,2032,405.646
REGION1,BGNG,2032,49.533
REGION1,HRNG,2032,49.161
REGION1,CYNG,2032,0.0
REGION1,CZNG,2032,186.521
REGION1,DKNG,2032,59.808
REGION1,EENG,2032,7.358
REGION1,FING,2032,26.882
REGION1,FRNG,2032,1064.654
REGION1,DENG,2032,2192.903
REGION1,GRNG,2032,53.859
REGION1,HUNG,2032,216.896
REGION1,IENG,2032,75.413
REGION1,ITNG,2032,1362.318
REGION1,LVNG,2032,12.652
REGION1,LTNG,2032,45.869
REGION1,LUNG,2032,20.915
REGION1,MTNG,2032,0.0
REGION1,NLNG,2032,647.245
REGION1,NONG,2032,31.25
REGION1,PLNG,2032,468.643
REGION1,PTNG,2032,77.211
REGION1,RONG,2032,220.088
REGION1,SKNG,2032,111.216
REGION1,SING,2032,23.097
REGION1,ESNG,2032,604.152
REGION1,SENG,2032,21.52
REGION1,CHNG,2032,112.007
REGION1,UKNG,2032,1573.832
REGION1,DZNG,2032,1229.558
REGION1,AONG,2032,41.072
REGION1,BJNG,2032,0.0
REGION1,BWNG,2032,0.0
REGION1,BFNG,2032,0.0
REGION1,BING,2032,0.0
REGION1,CMNG,2032,0.0
REGION1,CFNG,2032,0.0
REGION1,TDNG,2032,0.0
REGION1,CDNG,2032,0.0
REGION1,CING,2032,437.57064285714296
REGION1,DJNG,2032,0.0
REGION1,EGNG,2032,829.478
REGION1,GQNG,2032,207.01260714285712
REGION1,ERNG,2032,0.0
REGION1,ETNG,2032,0.0
REGION1,GANG,2032,0.24928571428571428
REGION1,GMNG,2032,0.0
REGION1,GHNG,2032,255.4451428571428
REGION1,GNNG,2032,0.0
REGION1,GWNG,2032,0.0
REGION1,KENG,2032,0.0
REGION1,LSNG,2032,0.0
REGION1,LRNG,2032,0.0
REGION1,LYNG,2032,51.08
REGION1,MWNG,2032,0.0
REGION1,MLNG,2032,0.0
REGION1,MRNG,2032,0.0
REGION1,MANG,2032,1.015
REGION1,MZNG,2032,21.829
REGION1,NANG,2032,0.0
REGION1,NENG,2032,0.0
REGION1,NGNG,2032,438.35
REGION1,CGNG,2032,0.0
REGION1,RWNG,2032,0.0
REGION1,SNNG,2032,0.0
REGION1,SLNG,2032,0.0
REGION1,SONG,2032,0.0
REGION1,ZANG,2032,78.899
REGION1,SSNG,2032,0.0
REGION1,SDNG,2032,0.0
REGION1,SZNG,2032,0.0
REGION1,TZNG,2032,72.746
REGION1,TGNG,2032,0.0
REGION1,TNNG,2032,44.164
REGION1,UGNG,2032,0.0
REGION1,ZMNG,2032,0.0
REGION1,ZWNG,2032,0.0
REGION1,ATNG,2033,194.054
REGION1,BENG,2033,416.258
REGION1,BGNG,2033,49.117
REGION1,HRNG,2033,48.745
REGION1,CYNG,2033,0.0
REGION1,CZNG,2033,184.801
REGION1,DKNG,2033,61.523
REGION1,EENG,2033,7.569
REGION1,FING,2033,27.604
REGION1,FRNG,2033,1094.114
REGION1,DENG,2033,2253.645
REGION1,GRNG,2033,55.263
REGION1,HUNG,2033,215.051
REGION1,IENG,2033,77.576
REGION1,ITNG,2033,1400.831
REGION1,LVNG,2033,13.015
REGION1,LTNG,2033,46.617
REGION1,LUNG,2033,21.515
REGION1,MTNG,2033,0.0
REGION1,NLNG,2033,663.891
REGION1,NONG,2033,31.699
REGION1,PLNG,2033,464.8
REGION1,PTNG,2033,79.36
REGION1,RONG,2033,218.043
REGION1,SKNG,2033,110.296
REGION1,SING,2033,22.883
REGION1,ESNG,2033,620.94
REGION1,SENG,2033,21.929
REGION1,CHNG,2033,115.221
REGION1,UKNG,2033,1618.589
REGION1,DZNG,2033,1287.636
REGION1,AONG,2033,48.773
REGION1,BJNG,2033,0.0
REGION1,BWNG,2033,0.0
REGION1,BFNG,2033,0.0
REGION1,BING,2033,0.0
REGION1,CMNG,2033,0.0
REGION1,CFNG,2033,0.0
REGION1,TDNG,2033,0.0
REGION1,CDNG,2033,0.0
REGION1,CING,2033,479.94060714285723
REGION1,DJNG,2033,0.0
REGION1,EGNG,2033,855.524
REGION1,GQNG,2033,218.67296785714285
REGION1,ERNG,2033,0.0
REGION1,ETNG,2033,0.0
REGION1,GANG,2033,0.26321428571428573
REGION1,GMNG,2033,0.0
REGION1,GHNG,2033,280.1798571428571
REGION1,GNNG,2033,0.0
REGION1,GWNG,2033,0.0
REGION1,KENG,2033,0.0
REGION1,LSNG,2033,0.0
REGION1,LRNG,2033,0.0
REGION1,LYNG,2033,52.371
REGION1,MWNG,2033,0.0
REGION1,MLNG,2033,0.0
REGION1,MRNG,2033,0.0
REGION1,MANG,2033,1.028
REGION1,MZNG,2033,24.278
REGION1,NANG,2033,0.0
REGION1,NENG,2033,0.0
REGION1,NGNG,2033,469.196
REGION1,CGNG,2033,0.0
REGION1,RWNG,2033,0.0
REGION1,SNNG,2033,0.0
REGION1,SLNG,2033,0.0
REGION1,SONG,2033,0.0
REGION1,ZANG,2033,81.256
REGION1,SSNG,2033,0.0
REGION1,SDNG,2033,0.0
REGION1,SZNG,2033,0.0
REGION1,TZNG,2033,80.91
REGION1,TGNG,2033,0.0
REGION1,TNNG,2033,42.145
REGION1,UGNG,2033,0.0
REGION1,ZMNG,2033,0.0
REGION1,ZWNG,2033,0.0
REGION1,ATNG,2034,199.108
REGION1,BENG,2034,426.871
REGION1,BGNG,2034,48.701
REGION1,HRNG,2034,48.33
REGION1,CYNG,2034,0.0
REGION1,CZNG,2034,183.081
REGION1,DKNG,2034,63.239
REGION1,EENG,2034,7.781
REGION1,FING,2034,28.325
REGION1,FRNG,2034,1123.574
REGION1,DENG,2034,2314.387
REGION1,GRNG,2034,56.667
REGION1,HUNG,2034,213.205
REGION1,IENG,2034,79.74
REGION1,ITNG,2034,1439.344
REGION1,LVNG,2034,13.378
REGION1,LTNG,2034,47.365
REGION1,LUNG,2034,22.115
REGION1,MTNG,2034,0.0
REGION1,NLNG,2034,680.538
REGION1,NONG,2034,32.148
REGION1,PLNG,2034,460.957
REGION1,PTNG,2034,81.509
REGION1,RONG,2034,215.998
REGION1,SKNG,2034,109.375
REGION1,SING,2034,22.669
REGION1,ESNG,2034,637.728
REGION1,SENG,2034,22.337
REGION1,CHNG,2034,118.434
REGION1,UKNG,2034,1663.345
REGION1,DZNG,2034,1345.714
REGION1,AONG,2034,56.474
REGION1,BJNG,2034,0.0
REGION1,BWNG,2034,0.0
REGION1,BFNG,2034,0.0
REGION1,BING,2034,0.0
REGION1,CMNG,2034,0.0
REGION1,CFNG,2034,0.0
REGION1,TDNG,2034,0.0
REGION1,CDNG,2034,0.0
REGION1,CING,2034,522.3105714285715
REGION1,DJNG,2034,0.0
REGION1,EGNG,2034,881.57
REGION1,GQNG,2034,230.33332857142858
REGION1,ERNG,2034,0.0
REGION1,ETNG,2034,0.0
REGION1,GANG,2034,0.27714285714285714
REGION1,GMNG,2034,0.0
REGION1,GHNG,2034,304.9145714285714
REGION1,GNNG,2034,0.0
REGION1,GWNG,2034,0.0
REGION1,KENG,2034,0.0
REGION1,LSNG,2034,0.0
REGION1,LRNG,2034,0.0
REGION1,LYNG,2034,53.661
REGION1,MWNG,2034,0.0
REGION1,MLNG,2034,0.0
REGION1,MRNG,2034,0.0
REGION1,MANG,2034,1.041
REGION1,MZNG,2034,26.728
REGION1,NANG,2034,0.0
REGION1,NENG,2034,0.0
REGION1,NGNG,2034,500.043
REGION1,CGNG,2034,0.0
REGION1,RWNG,2034,0.0
REGION1,SNNG,2034,0.0
REGION1,SLNG,2034,0.0
REGION1,SONG,2034,0.0
REGION1,ZANG,2034,83.614
REGION1,SSNG,2034,0.0
REGION1,SDNG,2034,0.0
REGION1,SZNG,2034,0.0
REGION1,TZNG,2034,89.075
REGION1,TGNG,2034,0.0
REGION1,TNNG,2034,40.125
REGION1,UGNG,2034,0.0
REGION1,ZMNG,2034,0.0
REGION1,ZWNG,2034,0.0
REGION1,ATNG,2035,204.163
REGION1,BENG,2035,437.484
REGION1,BGNG,2035,48.285
REGION1,HRNG,2035,47.914
REGION1,CYNG,2035,0.0
REGION1,CZNG,2035,181.361
REGION1,DKNG,2035,64.955
REGION1,EENG,2035,7.992
REGION1,FING,2035,29.046
REGION1,FRNG,2035,1153.035
REGION1,DENG,2035,2375.129
REGION1,GRNG,2035,58.071
REGION1,HUNG,2035,211.36
REGION1,IENG,2035,81.903
REGION1,ITNG,2035,1477.857
REGION1,LVNG,2035,13.74
REGION1,LTNG,2035,48.114
REGION1,LUNG,2035,22.715
REGION1,MTNG,2035,0.0
REGION1,NLNG,2035,697.184
REGION1,NONG,2035,32.597
REGION1,PLNG,2035,457.115
REGION1,PTNG,2035,83.658
REGION1,RONG,2035,213.953
REGION1,SKNG,2035,108.454
REGION1,SING,2035,22.455
REGION1,ESNG,2035,654.516
REGION1,SENG,2035,22.745
REGION1,CHNG,2035,121.648
REGION1,UKNG,2035,1708.102
REGION1,DZNG,2035,1403.793
REGION1,AONG,2035,64.174
REGION1,BJNG,2035,0.0
REGION1,BWNG,2035,0.0
REGION1,BFNG,2035,0.0
REGION1,BING,2035,0.0
REGION1,CMNG,2035,0.0
REGION1,CFNG,2035,0.0
REGION1,TDNG,2035,0.0
REGION1,CDNG,2035,0.0
REGION1,CING,2035,564.6805357142858
REGION1,DJNG,2035,0.0
REGION1,EGNG,2035,907.616
REGION1,GQNG,2035,241.99368928571428
REGION1,ERNG,2035,0.0
REGION1,ETNG,2035,0.0
REGION1,GANG,2035,0.29107142857142854
REGION1,GMNG,2035,0.0
REGION1,GHNG,2035,329.64928571428567
REGION1,GNNG,2035,0.0
REGION1,GWNG,2035,0.0
REGION1,KENG,2035,0.0
REGION1,LSNG,2035,0.0
REGION1,LRNG,2035,0.0
REGION1,LYNG,2035,54.951
REGION1,MWNG,2035,0.0
REGION1,MLNG,2035,0.0
REGION1,MRNG,2035,0.0
REGION1,MANG,2035,1.053
REGION1,MZNG,2035,29.178
REGION1,NANG,2035,0.0
REGION1,NENG,2035,0.0
REGION1,NGNG,2035,530.889
REGION1,CGNG,2035,0.0
REGION1,RWNG,2035,0.0
REGION1,SNNG,2035,0.0
REGION1,SLNG,2035,0.0
REGION1,SONG,2035,0.0
REGION1,ZANG,2035,85.971
REGION1,SSNG,2035,0.0
REGION1,SDNG,2035,0.0
REGION1,SZNG,2035,0.0
REGION1,TZNG,2035,97.239
REGION1,TGNG,2035,0.0
REGION1,TNNG,2035,38.106
REGION1,UGNG,2035,0.0
REGION1,ZMNG,2035,0.0
REGION1,ZWNG,2035,0.0
REGION1,ATNG,2036,208.286
REGION1,BENG,2036,446.139
REGION1,BGNG,2036,48.842
REGION1,HRNG,2036,48.471
REGION1,CYNG,2036,0.0
REGION1,CZNG,2036,183.665
REGION1,DKNG,2036,66.355
REGION1,EENG,2036,8.164
REGION1,FING,2036,29.634
REGION1,FRNG,2036,1177.061
REGION1,DENG,2036,2424.667
REGION1,GRNG,2036,59.216
REGION1,HUNG,2036,213.832
REGION1,IENG,2036,83.668
REGION1,ITNG,2036,1509.266
REGION1,LVNG,2036,14.037
REGION1,LTNG,2036,48.724
REGION1,LUNG,2036,23.204
REGION1,MTNG,2036,0.0
REGION1,NLNG,2036,710.76
REGION1,NONG,2036,32.962
REGION1,PLNG,2036,462.262
REGION1,PTNG,2036,85.41
REGION1,RONG,2036,216.693
REGION1,SKNG,2036,109.688
REGION1,SING,2036,22.742
REGION1,ESNG,2036,668.208
REGION1,SENG,2036,23.078
REGION1,CHNG,2036,124.268
REGION1,UKNG,2036,1744.604
REGION1,DZNG,2036,1431.222
REGION1,AONG,2036,73.584
REGION1,BJNG,2036,0.0
REGION1,BWNG,2036,0.0
REGION1,BFNG,2036,0.0
REGION1,BING,2036,0.0
REGION1,CMNG,2036,0.0
REGION1,CFNG,2036,0.0
REGION1,TDNG,2036,0.0
REGION1,CDNG,2036,0.0
REGION1,CING,2036,607.0505
REGION1,DJNG,2036,0.0
REGION1,EGNG,2036,925.067
REGION1,GQNG,2036,253.65404999999998
REGION1,ERNG,2036,0.0
REGION1,ETNG,2036,0.0
REGION1,GANG,2036,0.305
REGION1,GMNG,2036,0.0
REGION1,GHNG,2036,354.38399999999996
REGION1,GNNG,2036,0.0
REGION1,GWNG,2036,0.0
REGION1,KENG,2036,0.0
REGION1,LSNG,2036,0.0
REGION1,LRNG,2036,0.0
REGION1,LYNG,2036,56.054
REGION1,MWNG,2036,0.0
REGION1,MLNG,2036,0.0
REGION1,MRNG,2036,0.0
REGION1,MANG,2036,1.054
REGION1,MZNG,2036,32.273
REGION1,NANG,2036,0.0
REGION1,NENG,2036,0.0
REGION1,NGNG,2036,571.353
REGION1,CGNG,2036,0.0
REGION1,RWNG,2036,0.0
REGION1,SNNG,2036,0.0
REGION1,SLNG,2036,0.0
REGION1,SONG,2036,0.0
REGION1,ZANG,2036,88.075
REGION1,SSNG,2036,0.0
REGION1,SDNG,2036,0.0
REGION1,SZNG,2036,0.0
REGION1,TZNG,2036,107.555
REGION1,TGNG,2036,0.0
REGION1,TNNG,2036,39.446
REGION1,UGNG,2036,0.0
REGION1,ZMNG,2036,0.0
REGION1,ZWNG,2036,0.0
REGION1,ATNG,2037,212.408
REGION1,BENG,2037,454.794
REGION1,BGNG,2037,49.399
REGION1,HRNG,2037,49.027
REGION1,CYNG,2037,0.0
REGION1,CZNG,2037,185.97
REGION1,DKNG,2037,67.754
REGION1,EENG,2037,8.336
REGION1,FING,2037,30.223
REGION1,FRNG,2037,1201.088
REGION1,DENG,2037,2474.206
REGION1,GRNG,2037,60.361
REGION1,HUNG,2037,216.304
REGION1,IENG,2037,85.432
REGION1,ITNG,2037,1540.676
REGION1,LVNG,2037,14.333
REGION1,LTNG,2037,49.334
REGION1,LUNG,2037,23.694
REGION1,MTNG,2037,0.0
REGION1,NLNG,2037,724.336
REGION1,NONG,2037,33.328
REGION1,PLNG,2037,467.41
REGION1,PTNG,2037,87.163
REGION1,RONG,2037,219.432
REGION1,SKNG,2037,110.921
REGION1,SING,2037,23.028
REGION1,ESNG,2037,681.899
REGION1,SENG,2037,23.411
REGION1,CHNG,2037,126.889
REGION1,UKNG,2037,1781.106
REGION1,DZNG,2037,1458.651
REGION1,AONG,2037,82.994
REGION1,BJNG,2037,0.0
REGION1,BWNG,2037,0.0
REGION1,BFNG,2037,0.0
REGION1,BING,2037,0.0
REGION1,CMNG,2037,0.0
REGION1,CFNG,2037,0.0
REGION1,TDNG,2037,0.0
REGION1,CDNG,2037,0.0
REGION1,CING,2037,649.4204642857144
REGION1,DJNG,2037,0.0
REGION1,EGNG,2037,942.517
REGION1,GQNG,2037,265.3144107142857
REGION1,ERNG,2037,0.0
REGION1,ETNG,2037,0.0
REGION1,GANG,2037,0.31892857142857145
REGION1,GMNG,2037,0.0
REGION1,GHNG,2037,379.11871428571425
REGION1,GNNG,2037,0.0
REGION1,GWNG,2037,0.0
REGION1,KENG,2037,0.0
REGION1,LSNG,2037,0.0
REGION1,LRNG,2037,0.0
REGION1,LYNG,2037,57.157
REGION1,MWNG,2037,0.0
REGION1,MLNG,2037,0.0
REGION1,MRNG,2037,0.0
REGION1,MANG,2037,1.054
REGION1,MZNG,2037,35.369
REGION1,NANG,2037,0.0
REGION1,NENG,2037,0.0
REGION1,NGNG,2037,611.816
REGION1,CGNG,2037,0.0
REGION1,RWNG,2037,0.0
REGION1,SNNG,2037,0.0
REGION1,SLNG,2037,0.0
REGION1,SONG,2037,0.0
REGION1,ZANG,2037,90.179
REGION1,SSNG,2037,0.0
REGION1,SDNG,2037,0.0
REGION1,SZNG,2037,0.0
REGION1,TZNG,2037,117.87
REGION1,TGNG,2037,0.0
REGION1,TNNG,2037,40.786
REGION1,UGNG,2037,0.0
REGION1,ZMNG,2037,0.0
REGION1,ZWNG,2037,0.0
REGION1,ATNG,2038,216.531
REGION1,BENG,2038,463.449
REGION1,BGNG,2038,49.956
REGION1,HRNG,2038,49.584
REGION1,CYNG,2038,0.0
REGION1,CZNG,2038,188.274
REGION1,DKNG,2038,69.153
REGION1,EENG,2038,8.508
REGION1,FING,2038,30.811
REGION1,FRNG,2038,1225.115
REGION1,DENG,2038,2523.744
REGION1,GRNG,2038,61.506
REGION1,HUNG,2038,218.777
REGION1,IENG,2038,87.197
REGION1,ITNG,2038,1572.085
REGION1,LVNG,2038,14.629
REGION1,LTNG,2038,49.944
REGION1,LUNG,2038,24.183
REGION1,MTNG,2038,0.0
REGION1,NLNG,2038,737.913
REGION1,NONG,2038,33.694
REGION1,PLNG,2038,472.557
REGION1,PTNG,2038,88.915
REGION1,RONG,2038,222.171
REGION1,SKNG,2038,112.155
REGION1,SING,2038,23.314
REGION1,ESNG,2038,695.591
REGION1,SENG,2038,23.744
REGION1,CHNG,2038,129.51
REGION1,UKNG,2038,1817.608
REGION1,DZNG,2038,1486.081
REGION1,AONG,2038,92.404
REGION1,BJNG,2038,0.0
REGION1,BWNG,2038,0.0
REGION1,BFNG,2038,0.0
REGION1,BING,2038,0.0
REGION1,CMNG,2038,0.0
REGION1,CFNG,2038,0.0
REGION1,TDNG,2038,0.0
REGION1,CDNG,2038,0.0
REGION1,CING,2038,691.7904285714287
REGION1,DJNG,2038,0.0
REGION1,EGNG,2038,959.968
REGION1,GQNG,2038,276.97477142857144
REGION1,ERNG,2038,0.0
REGION1,ETNG,2038,0.0
REGION1,GANG,2038,0.33285714285714285
REGION1,GMNG,2038,0.0
REGION1,GHNG,2038,403.85342857142854
REGION1,GNNG,2038,0.0
REGION1,GWNG,2038,0.0
REGION1,KENG,2038,0.0
REGION1,LSNG,2038,0.0
REGION1,LRNG,2038,0.0
REGION1,LYNG,2038,58.26
REGION1,MWNG,2038,0.0
REGION1,MLNG,2038,0.0
REGION1,MRNG,2038,0.0
REGION1,MANG,2038,1.055
REGION1,MZNG,2038,38.464
REGION1,NANG,2038,0.0
REGION1,NENG,2038,0.0
REGION1,NGNG,2038,652.28
REGION1,CGNG,2038,0.0
REGION1,RWNG,2038,0.0
REGION1,SNNG,2038,0.0
REGION1,SLNG,2038,0.0
REGION1,SONG,2038,0.0
REGION1,ZANG,2038,92.283
REGION1,SSNG,2038,0.0
REGION1,SDNG,2038,0.0
REGION1,SZNG,2038,0.0
REGION1,TZNG,2038,128.185
REGION1,TGNG,2038,0.0
REGION1,TNNG,2038,42.126
REGION1,UGNG,2038,0.0
REGION1,ZMNG,2038,0.0
REGION1,ZWNG,2038,0.0
REGION1,ATNG,2039,220.653
REGION1,BENG,2039,472.104
REGION1,BGNG,2039,50.513
REGION1,HRNG,2039,50.14
REGION1,CYNG,2039,0.0
REGION1,CZNG,2039,190.578
REGION1,DKNG,2039,70.553
REGION1,EENG,2039,8.68
REGION1,FING,2039,31.399
REGION1,FRNG,2039,1249.141
REGION1,DENG,2039,2573.283
REGION1,GRNG,2039,62.651
REGION1,HUNG,2039,221.249
REGION1,IENG,2039,88.961
REGION1,ITNG,2039,1603.495
REGION1,LVNG,2039,14.925
REGION1,LTNG,2039,50.554
REGION1,LUNG,2039,24.673
REGION1,MTNG,2039,0.0
REGION1,NLNG,2039,751.489
REGION1,NONG,2039,34.06
REGION1,PLNG,2039,477.705
REGION1,PTNG,2039,90.668
REGION1,RONG,2039,224.911
REGION1,SKNG,2039,113.388
REGION1,SING,2039,23.601
REGION1,ESNG,2039,709.282
REGION1,SENG,2039,24.077
REGION1,CHNG,2039,132.131
REGION1,UKNG,2039,1854.11
REGION1,DZNG,2039,1513.51
REGION1,AONG,2039,101.814
REGION1,BJNG,2039,0.0
REGION1,BWNG,2039,0.0
REGION1,BFNG,2039,0.0
REGION1,BING,2039,0.0
REGION1,CMNG,2039,0.0
REGION1,CFNG,2039,0.0
REGION1,TDNG,2039,0.0
REGION1,CDNG,2039,0.0
REGION1,CING,2039,734.1603928571429
REGION1,DJNG,2039,0.0
REGION1,EGNG,2039,977.418
REGION1,GQNG,2039,288.6351321428572
REGION1,ERNG,2039,0.0
REGION1,ETNG,2039,0.0
REGION1,GANG,2039,0.34678571428571425
REGION1,GMNG,2039,0.0
REGION1,GHNG,2039,428.5881428571428
REGION1,GNNG,2039,0.0
REGION1,GWNG,2039,0.0
REGION1,KENG,2039,0.0
REGION1,LSNG,2039,0.0
REGION1,LRNG,2039,0.0
REGION1,LYNG,2039,59.363
REGION1,MWNG,2039,0.0
REGION1,MLNG,2039,0.0
REGION1,MRNG,2039,0.0
REGION1,MANG,2039,1.055
REGION1,MZNG,2039,41.559
REGION1,NANG,2039,0.0
REGION1,NENG,2039,0.0
REGION1,NGNG,2039,692.744
REGION1,CGNG,2039,0.0
REGION1,RWNG,2039,0.0
REGION1,SNNG,2039,0.0
REGION1,SLNG,2039,0.0
REGION1,SONG,2039,0.0
REGION1,ZANG,2039,94.386
REGION1,SSNG,2039,0.0
REGION1,SDNG,2039,0.0
REGION1,SZNG,2039,0.0
REGION1,TZNG,2039,138.5
REGION1,TGNG,2039,0.0
REGION1,TNNG,2039,43.466
REGION1,UGNG,2039,0.0
REGION1,ZMNG,2039,0.0
REGION1,ZWNG,2039,0.0
REGION1,ATNG,2040,224.775
REGION1,BENG,2040,480.759
REGION1,BGNG,2040,51.071
REGION1,HRNG,2040,50.697
REGION1,CYNG,2040,0.0
REGION1,CZNG,2040,192.883
REGION1,DKNG,2040,71.952
REGION1,EENG,2040,8.852
REGION1,FING,2040,31.987
REGION1,FRNG,2040,1273.168
REGION1,DENG,2040,2622.821
REGION1,GRNG,2040,63.796
REGION1,HUNG,2040,223.721
REGION1,IENG,2040,90.726
REGION1,ITNG,2040,1634.905
REGION1,LVNG,2040,15.221
REGION1,LTNG,2040,51.164
REGION1,LUNG,2040,25.162
REGION1,MTNG,2040,0.0
REGION1,NLNG,2040,765.065
REGION1,NONG,2040,34.426
REGION1,PLNG,2040,482.852
REGION1,PTNG,2040,92.421
REGION1,RONG,2040,227.65
REGION1,SKNG,2040,114.622
REGION1,SING,2040,23.887
REGION1,ESNG,2040,722.974
REGION1,SENG,2040,24.41
REGION1,CHNG,2040,134.751
REGION1,UKNG,2040,1890.611
REGION1,DZNG,2040,1540.94
REGION1,AONG,2040,111.224
REGION1,BJNG,2040,0.0
REGION1,BWNG,2040,0.0
REGION1,BFNG,2040,0.0
REGION1,BING,2040,0.0
REGION1,CMNG,2040,0.0
REGION1,CFNG,2040,0.0
REGION1,TDNG,2040,0.0
REGION1,CDNG,2040,0.0
REGION1,CING,2040,776.5303571428573
REGION1,DJNG,2040,0.0
REGION1,EGNG,2040,994.869
REGION1,GQNG,2040,300.29549285714285
REGION1,ERNG,2040,0.0
REGION1,ETNG,2040,0.0
REGION1,GANG,2040,0.3607142857142857
REGION1,GMNG,2040,0.0
REGION1,GHNG,2040,453.3228571428571
REGION1,GNNG,2040,0.0
REGION1,GWNG,2040,0.0
REGION1,KENG,2040,0.0
REGION1,LSNG,2040,0.0
REGION1,LRNG,2040,0.0
REGION1,LYNG,2040,60.465
REGION1,MWNG,2040,0.0
REGION1,MLNG,2040,0.0
REGION1,MRNG,2040,0.0
REGION1,MANG,2040,1.055
REGION1,MZNG,2040,44.654
REGION1,NANG,2040,0.0
REGION1,NENG,2040,0.0
REGION1,NGNG,2040,733.207
REGION1,CGNG,2040,0.0
REGION1,RWNG,2040,0.0
REGION1,SNNG,2040,0.0
REGION1,SLNG,2040,0.0
REGION1,SONG,2040,0.0
REGION1,ZANG,2040,96.49
REGION1,SSNG,2040,0.0
REGION1,SDNG,2040,0.0
REGION1,SZNG,2040,0.0
REGION1,TZNG,2040,148.816
REGION1,TGNG,2040,0.0
REGION1,TNNG,2040,44.806
REGION1,UGNG,2040,0.0
REGION1,ZMNG,2040,0.0
REGION1,ZWNG,2040,0.0
REGION1,ATNG,2041,225.755
REGION1,BENG,2041,482.816
REGION1,BGNG,2041,51.093
REGION1,HRNG,2041,50.72
REGION1,CYNG,2041,0.0
REGION1,CZNG,2041,192.977
REGION1,DKNG,2041,72.285
REGION1,EENG,2041,8.893
REGION1,FING,2041,32.127
REGION1,FRNG,2041,1278.878
REGION1,DENG,2041,2634.594
REGION1,GRNG,2041,64.068
REGION1,HUNG,2041,223.823
REGION1,IENG,2041,91.145
REGION1,ITNG,2041,1642.369
REGION1,LVNG,2041,15.291
REGION1,LTNG,2041,51.309
REGION1,LUNG,2041,25.278
REGION1,MTNG,2041,0.0
REGION1,NLNG,2041,768.291
REGION1,NONG,2041,34.513
REGION1,PLNG,2041,483.063
REGION1,PTNG,2041,92.837
REGION1,RONG,2041,227.763
REGION1,SKNG,2041,114.672
REGION1,SING,2041,23.899
REGION1,ESNG,2041,726.228
REGION1,SENG,2041,24.489
REGION1,CHNG,2041,135.374
REGION1,UKNG,2041,1899.286
REGION1,DZNG,2041,1575.065
REGION1,AONG,2041,118.312
REGION1,BJNG,2041,0.0
REGION1,BWNG,2041,0.0
REGION1,BFNG,2041,0.0
REGION1,BING,2041,0.0
REGION1,CMNG,2041,0.0
REGION1,CFNG,2041,0.0
REGION1,TDNG,2041,0.0
REGION1,CDNG,2041,0.0
REGION1,CING,2041,818.9003214285715
REGION1,DJNG,2041,0.0
REGION1,EGNG,2041,1002.086
REGION1,GQNG,2041,311.9558535714286
REGION1,ERNG,2041,0.0
REGION1,ETNG,2041,0.0
REGION1,GANG,2041,0.3746428571428571
REGION1,GMNG,2041,0.0
REGION1,GHNG,2041,478.0575714285714
REGION1,GNNG,2041,0.0
REGION1,GWNG,2041,0.0
REGION1,KENG,2041,0.0
REGION1,LSNG,2041,0.0
REGION1,LRNG,2041,0.0
REGION1,LYNG,2041,61.564
REGION1,MWNG,2041,0.0
REGION1,MLNG,2041,0.0
REGION1,MRNG,2041,0.0
REGION1,MANG,2041,1.069
REGION1,MZNG,2041,46.901
REGION1,NANG,2041,0.0
REGION1,NENG,2041,0.0
REGION1,NGNG,2041,761.373
REGION1,CGNG,2041,0.0
REGION1,RWNG,2041,0.0
REGION1,SNNG,2041,0.0
REGION1,SLNG,2041,0.0
REGION1,SONG,2041,0.0
REGION1,ZANG,2041,100.173
REGION1,SSNG,2041,0.0
REGION1,SDNG,2041,0.0
REGION1,SZNG,2041,0.0
REGION1,TZNG,2041,156.301
REGION1,TGNG,2041,0.0
REGION1,TNNG,2041,46.379
REGION1,UGNG,2041,0.0
REGION1,ZMNG,2041,0.0
REGION1,ZWNG,2041,0.0
REGION1,ATNG,2042,226.735
REGION1,BENG,2042,484.873
REGION1,BGNG,2042,51.116
REGION1,HRNG,2042,50.742
REGION1,CYNG,2042,0.0
REGION1,CZNG,2042,193.071
REGION1,DKNG,2042,72.617
REGION1,EENG,2042,8.934
REGION1,FING,2042,32.267
REGION1,FRNG,2042,1284.588
REGION1,DENG,2042,2646.367
REGION1,GRNG,2042,64.34
REGION1,HUNG,2042,223.924
REGION1,IENG,2042,91.564
REGION1,ITNG,2042,1649.834
REGION1,LVNG,2042,15.361
REGION1,LTNG,2042,51.454
REGION1,LUNG,2042,25.394
REGION1,MTNG,2042,0.0
REGION1,NLNG,2042,771.518
REGION1,NONG,2042,34.6
REGION1,PLNG,2042,483.274
REGION1,PTNG,2042,93.254
REGION1,RONG,2042,227.875
REGION1,SKNG,2042,114.723
REGION1,SING,2042,23.911
REGION1,ESNG,2042,729.482
REGION1,SENG,2042,24.568
REGION1,CHNG,2042,135.997
REGION1,UKNG,2042,1907.961
REGION1,DZNG,2042,1609.191
REGION1,AONG,2042,125.4
REGION1,BJNG,2042,0.0
REGION1,BWNG,2042,0.0
REGION1,BFNG,2042,0.0
REGION1,BING,2042,0.0
REGION1,CMNG,2042,0.0
REGION1,CFNG,2042,0.0
REGION1,TDNG,2042,0.0
REGION1,CDNG,2042,0.0
REGION1,CING,2042,861.2702857142858
REGION1,DJNG,2042,0.0
REGION1,EGNG,2042,1009.302
REGION1,GQNG,2042,323.6162142857143
REGION1,ERNG,2042,0.0
REGION1,ETNG,2042,0.0
REGION1,GANG,2042,0.38857142857142857
REGION1,GMNG,2042,0.0
REGION1,GHNG,2042,502.7922857142857
REGION1,GNNG,2042,0.0
REGION1,GWNG,2042,0.0
REGION1,KENG,2042,0.0
REGION1,LSNG,2042,0.0
REGION1,LRNG,2042,0.0
REGION1,LYNG,2042,62.663
REGION1,MWNG,2042,0.0
REGION1,MLNG,2042,0.0
REGION1,MRNG,2042,0.0
REGION1,MANG,2042,1.083
REGION1,MZNG,2042,49.147
REGION1,NANG,2042,0.0
REGION1,NENG,2042,0.0
REGION1,NGNG,2042,789.539
REGION1,CGNG,2042,0.0
REGION1,RWNG,2042,0.0
REGION1,SNNG,2042,0.0
REGION1,SLNG,2042,0.0
REGION1,SONG,2042,0.0
REGION1,ZANG,2042,103.855
REGION1,SSNG,2042,0.0
REGION1,SDNG,2042,0.0
REGION1,SZNG,2042,0.0
REGION1,TZNG,2042,163.787
REGION1,TGNG,2042,0.0
REGION1,TNNG,2042,47.951
REGION1,UGNG,2042,0.0
REGION1,ZMNG,2042,0.0
REGION1,ZWNG,2042,0.0
REGION1,ATNG,2043,227.715
REGION1,BENG,2043,486.93
REGION1,BGNG,2043,51.139
REGION1,HRNG,2043,50.765
REGION1,CYNG,2043,0.0
REGION1,CZNG,2043,193.166
REGION1,DKNG,2043,72.95
REGION1,EENG,2043,8.975
REGION1,FING,2043,32.407
REGION1,FRNG,2043,1290.298
REGION1,DENG,2043,2658.14
REGION1,GRNG,2043,64.612
REGION1,HUNG,2043,224.025
REGION1,IENG,2043,91.984
REGION1,ITNG,2043,1657.298
REGION1,LVNG,2043,15.432
REGION1,LTNG,2043,51.599
REGION1,LUNG,2043,25.511
REGION1,MTNG,2043,0.0
REGION1,NLNG,2043,774.744
REGION1,NONG,2043,34.687
REGION1,PLNG,2043,483.485
REGION1,PTNG,2043,93.67
REGION1,RONG,2043,227.987
REGION1,SKNG,2043,114.773
REGION1,SING,2043,23.923
REGION1,ESNG,2043,732.735
REGION1,SENG,2043,24.647
REGION1,CHNG,2043,136.62
REGION1,UKNG,2043,1916.635
REGION1,DZNG,2043,1643.317
REGION1,AONG,2043,132.488
REGION1,BJNG,2043,0.0
REGION1,BWNG,2043,0.0
REGION1,BFNG,2043,0.0
REGION1,BING,2043,0.0
REGION1,CMNG,2043,0.0
REGION1,CFNG,2043,0.0
REGION1,TDNG,2043,0.0
REGION1,CDNG,2043,0.0
REGION1,CING,2043,903.6402500000002
REGION1,DJNG,2043,0.0
REGION1,EGNG,2043,1016.519
REGION1,GQNG,2043,335.276575
REGION1,ERNG,2043,0.0
REGION1,ETNG,2043,0.0
REGION1,GANG,2043,0.40249999999999997
REGION1,GMNG,2043,0.0
REGION1,GHNG,2043,527.527
REGION1,GNNG,2043,0.0
REGION1,GWNG,2043,0.0
REGION1,KENG,2043,0.0
REGION1,LSNG,2043,0.0
REGION1,LRNG,2043,0.0
REGION1,LYNG,2043,63.762
REGION1,MWNG,2043,0.0
REGION1,MLNG,2043,0.0
REGION1,MRNG,2043,0.0
REGION1,MANG,2043,1.097
REGION1,MZNG,2043,51.393
REGION1,NANG,2043,0.0
REGION1,NENG,2043,0.0
REGION1,NGNG,2043,817.705
REGION1,CGNG,2043,0.0
REGION1,RWNG,2043,0.0
REGION1,SNNG,2043,0.0
REGION1,SLNG,2043,0.0
REGION1,SONG,2043,0.0
REGION1,ZANG,2043,107.538
REGION1,SSNG,2043,0.0
REGION1,SDNG,2043,0.0
REGION1,SZNG,2043,0.0
REGION1,TZNG,2043,171.273
REGION1,TGNG,2043,0.0
REGION1,TNNG,2043,49.524
REGION1,UGNG,2043,0.0
REGION1,ZMNG,2043,0.0
REGION1,ZWNG,2043,0.0
REGION1,ATNG,2044,228.694
REGION1,BENG,2044,488.987
REGION1,BGNG,2044,51.162
REGION1,HRNG,2044,50.788
REGION1,CYNG,2044,0.0
REGION1,CZNG,2044,193.26
REGION1,DKNG,2044,73.282
REGION1,EENG,2044,9.016
REGION1,FING,2044,32.547
REGION1,FRNG,2044,1296.008
REGION1,DENG,2044,2669.912
REGION1,GRNG,2044,64.884
REGION1,HUNG,2044,224.126
REGION1,IENG,2044,92.403
REGION1,ITNG,2044,1664.763
REGION1,LVNG,2044,15.502
REGION1,LTNG,2044,51.744
REGION1,LUNG,2044,25.627
REGION1,MTNG,2044,0.0
REGION1,NLNG,2044,777.97
REGION1,NONG,2044,34.774
REGION1,PLNG,2044,483.695
REGION1,PTNG,2044,94.087
REGION1,RONG,2044,228.099
REGION1,SKNG,2044,114.824
REGION1,SING,2044,23.934
REGION1,ESNG,2044,735.989
REGION1,SENG,2044,24.726
REGION1,CHNG,2044,137.243
REGION1,UKNG,2044,1925.31
REGION1,DZNG,2044,1677.443
REGION1,AONG,2044,139.576
REGION1,BJNG,2044,0.0
REGION1,BWNG,2044,0.0
REGION1,BFNG,2044,0.0
REGION1,BING,2044,0.0
REGION1,CMNG,2044,0.0
REGION1,CFNG,2044,0.0
REGION1,TDNG,2044,0.0
REGION1,CDNG,2044,0.0
REGION1,CING,2044,946.0102142857144
REGION1,DJNG,2044,0.0
REGION1,EGNG,2044,1023.735
REGION1,GQNG,2044,346.9369357142857
REGION1,ERNG,2044,0.0
REGION1,ETNG,2044,0.0
REGION1,GANG,2044,0.4164285714285714
REGION1,GMNG,2044,0.0
REGION1,GHNG,2044,552.2617142857143
REGION1,GNNG,2044,0.0
REGION1,GWNG,2044,0.0
REGION1,KENG,2044,0.0
REGION1,LSNG,2044,0.0
REGION1,LRNG,2044,0.0
REGION1,LYNG,2044,64.861
REGION1,MWNG,2044,0.0
REGION1,MLNG,2044,0.0
REGION1,MRNG,2044,0.0
REGION1,MANG,2044,1.111
REGION1,MZNG,2044,53.639
REGION1,NANG,2044,0.0
REGION1,NENG,2044,0.0
REGION1,NGNG,2044,845.871
REGION1,CGNG,2044,0.0
REGION1,RWNG,2044,0.0
REGION1,SNNG,2044,0.0
REGION1,SLNG,2044,0.0
REGION1,SONG,2044,0.0
REGION1,ZANG,2044,111.221
REGION1,SSNG,2044,0.0
REGION1,SDNG,2044,0.0
REGION1,SZNG,2044,0.0
REGION1,TZNG,2044,178.759
REGION1,TGNG,2044,0.0
REGION1,TNNG,2044,51.096
REGION1,UGNG,2044,0.0
REGION1,ZMNG,2044,0.0
REGION1,ZWNG,2044,0.0
REGION1,ATNG,2045,229.674
REGION1,BENG,2045,491.044
REGION1,BGNG,2045,51.185
REGION1,HRNG,2045,50.811
REGION1,CYNG,2045,0.0
REGION1,CZNG,2045,193.354
REGION1,DKNG,2045,73.615
REGION1,EENG,2045,9.057
REGION1,FING,2045,32.686
REGION1,FRNG,2045,1301.718
REGION1,DENG,2045,2681.685
REGION1,GRNG,2045,65.156
REGION1,HUNG,2045,224.228
REGION1,IENG,2045,92.822
REGION1,ITNG,2045,1672.227
REGION1,LVNG,2045,15.572
REGION1,LTNG,2045,51.889
REGION1,LUNG,2045,25.743
REGION1,MTNG,2045,0.0
REGION1,NLNG,2045,781.197
REGION1,NONG,2045,34.861
REGION1,PLNG,2045,483.906
REGION1,PTNG,2045,94.503
REGION1,RONG,2045,228.211
REGION1,SKNG,2045,114.874
REGION1,SING,2045,23.946
REGION1,ESNG,2045,739.243
REGION1,SENG,2045,24.806
REGION1,CHNG,2045,137.866
REGION1,UKNG,2045,1933.985
REGION1,DZNG,2045,1711.569
REGION1,AONG,2045,146.664
REGION1,BJNG,2045,0.0
REGION1,BWNG,2045,0.0
REGION1,BFNG,2045,0.0
REGION1,BING,2045,0.0
REGION1,CMNG,2045,0.0
REGION1,CFNG,2045,0.0
REGION1,TDNG,2045,0.0
REGION1,CDNG,2045,0.0
REGION1,CING,2045,988.3801785714287
REGION1,DJNG,2045,0.0
REGION1,EGNG,2045,1030.952
REGION1,GQNG,2045,358.59729642857144
REGION1,ERNG,2045,0.0
REGION1,ETNG,2045,0.0
REGION1,GANG,2045,0.4303571428571428
REGION1,GMNG,2045,0.0
REGION1,GHNG,2045,576.9964285714286
REGION1,GNNG,2045,0.0
REGION1,GWNG,2045,0.0
REGION1,KENG,2045,0.0
REGION1,LSNG,2045,0.0
REGION1,LRNG,2045,0.0
REGION1,LYNG,2045,65.96
REGION1,MWNG,2045,0.0
REGION1,MLNG,2045,0.0
REGION1,MRNG,2045,0.0
REGION1,MANG,2045,1.125
REGION1,MZNG,2045,55.886
REGION1,NANG,2045,0.0
REGION1,NENG,2045,0.0
REGION1,NGNG,2045,874.037
REGION1,CGNG,2045,0.0
REGION1,RWNG,2045,0.0
REGION1,SNNG,2045,0.0
REGION1,SLNG,2045,0.0
REGION1,SONG,2045,0.0
REGION1,ZANG,2045,114.903
REGION1,SSNG,2045,0.0
REGION1,SDNG,2045,0.0
REGION1,SZNG,2045,0.0
REGION1,TZNG,2045,186.244
REGION1,TGNG,2045,0.0
REGION1,TNNG,2045,52.669
REGION1,UGNG,2045,0.0
REGION1,ZMNG,2045,0.0
REGION1,ZWNG,2045,0.0
REGION1,ATNG,2046,229.017
REGION1,BENG,2046,489.665
REGION1,BGNG,2046,52.169
REGION1,HRNG,2046,51.794
REGION1,CYNG,2046,0.0
REGION1,CZNG,2046,197.424
REGION1,DKNG,2046,73.392
REGION1,EENG,2046,9.03
REGION1,FING,2046,32.593
REGION1,FRNG,2046,1297.89
REGION1,DENG,2046,2673.793
REGION1,GRNG,2046,64.974
REGION1,HUNG,2046,228.594
REGION1,IENG,2046,92.541
REGION1,ITNG,2046,1667.223
REGION1,LVNG,2046,15.525
REGION1,LTNG,2046,51.792
REGION1,LUNG,2046,25.665
REGION1,MTNG,2046,0.0
REGION1,NLNG,2046,779.034
REGION1,NONG,2046,34.803
REGION1,PLNG,2046,492.997
REGION1,PTNG,2046,94.224
REGION1,RONG,2046,233.049
REGION1,SKNG,2046,117.053
REGION1,SING,2046,24.452
REGION1,ESNG,2046,737.062
REGION1,SENG,2046,24.752
REGION1,CHNG,2046,137.448
REGION1,UKNG,2046,1928.17
REGION1,DZNG,2046,1798.021
REGION1,AONG,2046,156.268
REGION1,BJNG,2046,0.0
REGION1,BWNG,2046,0.0
REGION1,BFNG,2046,0.0
REGION1,BING,2046,0.0
REGION1,CMNG,2046,0.0
REGION1,CFNG,2046,0.0
REGION1,TDNG,2046,0.0
REGION1,CDNG,2046,0.0
REGION1,CING,2046,1030.750142857143
REGION1,DJNG,2046,0.0
REGION1,EGNG,2046,1016.904
REGION1,GQNG,2046,370.25765714285717
REGION1,ERNG,2046,0.0
REGION1,ETNG,2046,0.0
REGION1,GANG,2046,0.4442857142857143
REGION1,GMNG,2046,0.0
REGION1,GHNG,2046,601.7311428571429
REGION1,GNNG,2046,0.0
REGION1,GWNG,2046,0.0
REGION1,KENG,2046,0.0
REGION1,LSNG,2046,0.0
REGION1,LRNG,2046,0.0
REGION1,LYNG,2046,67.235
REGION1,MWNG,2046,0.0
REGION1,MLNG,2046,0.0
REGION1,MRNG,2046,0.0
REGION1,MANG,2046,1.136
REGION1,MZNG,2046,59.05
REGION1,NANG,2046,0.0
REGION1,NENG,2046,0.0
REGION1,NGNG,2046,914.896
REGION1,CGNG,2046,0.0
REGION1,RWNG,2046,0.0
REGION1,SNNG,2046,0.0
REGION1,SLNG,2046,0.0
REGION1,SONG,2046,0.0
REGION1,ZANG,2046,122.691
REGION1,SSNG,2046,0.0
REGION1,SDNG,2046,0.0
REGION1,SZNG,2046,0.0
REGION1,TZNG,2046,196.789
REGION1,TGNG,2046,0.0
REGION1,TNNG,2046,54.968
REGION1,UGNG,2046,0.0
REGION1,ZMNG,2046,0.0
REGION1,ZWNG,2046,0.0
REGION1,ATNG,2047,228.36
REGION1,BENG,2047,488.286
REGION1,BGNG,2047,53.153
REGION1,HRNG,2047,52.776
REGION1,CYNG,2047,0.0
REGION1,CZNG,2047,201.494
REGION1,DKNG,2047,73.169
REGION1,EENG,2047,9.002
REGION1,FING,2047,32.499
REGION1,FRNG,2047,1294.062
REGION1,DENG,2047,2665.901
REGION1,GRNG,2047,64.791
REGION1,HUNG,2047,232.961
REGION1,IENG,2047,92.26
REGION1,ITNG,2047,1662.219
REGION1,LVNG,2047,15.478
REGION1,LTNG,2047,51.695
REGION1,LUNG,2047,25.587
REGION1,MTNG,2047,0.0
REGION1,NLNG,2047,776.871
REGION1,NONG,2047,34.745
REGION1,PLNG,2047,502.089
REGION1,PTNG,2047,93.945
REGION1,RONG,2047,237.888
REGION1,SKNG,2047,119.231
REGION1,SING,2047,24.958
REGION1,ESNG,2047,734.88
REGION1,SENG,2047,24.699
REGION1,CHNG,2047,137.031
REGION1,UKNG,2047,1922.354
REGION1,DZNG,2047,1884.473
REGION1,AONG,2047,165.873
REGION1,BJNG,2047,0.0
REGION1,BWNG,2047,0.0
REGION1,BFNG,2047,0.0
REGION1,BING,2047,0.0
REGION1,CMNG,2047,0.0
REGION1,CFNG,2047,0.0
REGION1,TDNG,2047,0.0
REGION1,CDNG,2047,0.0
REGION1,CING,2047,1073.1201071428573
REGION1,DJNG,2047,0.0
REGION1,EGNG,2047,1002.856
REGION1,GQNG,2047,381.9180178571429
REGION1,ERNG,2047,0.0
REGION1,ETNG,2047,0.0
REGION1,GANG,2047,0.4582142857142857
REGION1,GMNG,2047,0.0
REGION1,GHNG,2047,626.4658571428572
REGION1,GNNG,2047,0.0
REGION1,GWNG,2047,0.0
REGION1,KENG,2047,0.0
REGION1,LSNG,2047,0.0
REGION1,LRNG,2047,0.0
REGION1,LYNG,2047,68.51
REGION1,MWNG,2047,0.0
REGION1,MLNG,2047,0.0
REGION1,MRNG,2047,0.0
REGION1,MANG,2047,1.147
REGION1,MZNG,2047,62.214
REGION1,NANG,2047,0.0
REGION1,NENG,2047,0.0
REGION1,NGNG,2047,955.755
REGION1,CGNG,2047,0.0
REGION1,RWNG,2047,0.0
REGION1,SNNG,2047,0.0
REGION1,SLNG,2047,0.0
REGION1,SONG,2047,0.0
REGION1,ZANG,2047,130.48
REGION1,SSNG,2047,0.0
REGION1,SDNG,2047,0.0
REGION1,SZNG,2047,0.0
REGION1,TZNG,2047,207.334
REGION1,TGNG,2047,0.0
REGION1,TNNG,2047,57.266
REGION1,UGNG,2047,0.0
REGION1,ZMNG,2047,0.0
REGION1,ZWNG,2047,0.0
REGION1,ATNG,2048,227.704
REGION1,BENG,2048,486.907
REGION1,BGNG,2048,54.137
REGION1,HRNG,2048,53.759
REGION1,CYNG,2048,0.0
REGION1,CZNG,2048,205.564
REGION1,DKNG,2048,72.946
REGION1,EENG,2048,8.975
REGION1,FING,2048,32.405
REGION1,FRNG,2048,1290.235
REGION1,DENG,2048,2658.009
REGION1,GRNG,2048,64.609
REGION1,HUNG,2048,237.327
REGION1,IENG,2048,91.979
REGION1,ITNG,2048,1657.215
REGION1,LVNG,2048,15.431
REGION1,LTNG,2048,51.598
REGION1,LUNG,2048,25.509
REGION1,MTNG,2048,0.0
REGION1,NLNG,2048,774.708
REGION1,NONG,2048,34.686
REGION1,PLNG,2048,511.18
REGION1,PTNG,2048,93.666
REGION1,RONG,2048,242.726
REGION1,SKNG,2048,121.41
REGION1,SING,2048,25.464
REGION1,ESNG,2048,732.699
REGION1,SENG,2048,24.646
REGION1,CHNG,2048,136.613
REGION1,UKNG,2048,1916.539
REGION1,DZNG,2048,1970.925
REGION1,AONG,2048,175.477
REGION1,BJNG,2048,0.0
REGION1,BWNG,2048,0.0
REGION1,BFNG,2048,0.0
REGION1,BING,2048,0.0
REGION1,CMNG,2048,0.0
REGION1,CFNG,2048,0.0
REGION1,TDNG,2048,0.0
REGION1,CDNG,2048,0.0
REGION1,CING,2048,1115.4900714285716
REGION1,DJNG,2048,0.0
REGION1,EGNG,2048,988.807
REGION1,GQNG,2048,393.5783785714286
REGION1,ERNG,2048,0.0
REGION1,ETNG,2048,0.0
REGION1,GANG,2048,0.47214285714285714
REGION1,GMNG,2048,0.0
REGION1,GHNG,2048,651.2005714285715
REGION1,GNNG,2048,0.0
REGION1,GWNG,2048,0.0
REGION1,KENG,2048,0.0
REGION1,LSNG,2048,0.0
REGION1,LRNG,2048,0.0
REGION1,LYNG,2048,69.785
REGION1,MWNG,2048,0.0
REGION1,MLNG,2048,0.0
REGION1,MRNG,2048,0.0
REGION1,MANG,2048,1.158
REGION1,MZNG,2048,65.378
REGION1,NANG,2048,0.0
REGION1,NENG,2048,0.0
REGION1,NGNG,2048,996.614
REGION1,CGNG,2048,0.0
REGION1,RWNG,2048,0.0
REGION1,SNNG,2048,0.0
REGION1,SLNG,2048,0.0
REGION1,SONG,2048,0.0
REGION1,ZANG,2048,138.268
REGION1,SSNG,2048,0.0
REGION1,SDNG,2048,0.0
REGION1,SZNG,2048,0.0
REGION1,TZNG,2048,217.879
REGION1,TGNG,2048,0.0
REGION1,TNNG,2048,59.564
REGION1,UGNG,2048,0.0
REGION1,ZMNG,2048,0.0
REGION1,ZWNG,2048,0.0
REGION1,ATNG,2049,227.047
REGION1,BENG,2049,485.528
REGION1,BGNG,2049,55.121
REGION1,HRNG,2049,54.742
REGION1,CYNG,2049,0.0
REGION1,CZNG,2049,209.633
REGION1,DKNG,2049,72.723
REGION1,EENG,2049,8.947
REGION1,FING,2049,32.312
REGION1,FRNG,2049,1286.407
REGION1,DENG,2049,2650.117
REGION1,GRNG,2049,64.426
REGION1,HUNG,2049,241.694
REGION1,IENG,2049,91.698
REGION1,ITNG,2049,1652.212
REGION1,LVNG,2049,15.384
REGION1,LTNG,2049,51.501
REGION1,LUNG,2049,25.432
REGION1,MTNG,2049,0.0
REGION1,NLNG,2049,772.545
REGION1,NONG,2049,34.628
REGION1,PLNG,2049,520.271
REGION1,PTNG,2049,93.386
REGION1,RONG,2049,247.564
REGION1,SKNG,2049,123.588
REGION1,SING,2049,25.97
REGION1,ESNG,2049,730.518
REGION1,SENG,2049,24.593
REGION1,CHNG,2049,136.195
REGION1,UKNG,2049,1910.724
REGION1,DZNG,2049,2057.377
REGION1,AONG,2049,185.082
REGION1,BJNG,2049,0.0
REGION1,BWNG,2049,0.0
REGION1,BFNG,2049,0.0
REGION1,BING,2049,0.0
REGION1,CMNG,2049,0.0
REGION1,CFNG,2049,0.0
REGION1,TDNG,2049,0.0
REGION1,CDNG,2049,0.0
REGION1,CING,2049,1157.860035714286
REGION1,DJNG,2049,0.0
REGION1,EGNG,2049,974.759
REGION1,GQNG,2049,405.2387392857143
REGION1,ERNG,2049,0.0
REGION1,ETNG,2049,0.0
REGION1,GANG,2049,0.48607142857142854
REGION1,GMNG,2049,0.0
REGION1,GHNG,2049,675.9352857142858
REGION1,GNNG,2049,0.0
REGION1,GWNG,2049,0.0
REGION1,KENG,2049,0.0
REGION1,LSNG,2049,0.0
REGION1,LRNG,2049,0.0
REGION1,LYNG,2049,71.061
REGION1,MWNG,2049,0.0
REGION1,MLNG,2049,0.0
REGION1,MRNG,2049,0.0
REGION1,MANG,2049,1.169
REGION1,MZNG,2049,68.542
REGION1,NANG,2049,0.0
REGION1,NENG,2049,0.0
REGION1,NGNG,2049,1037.473
REGION1,CGNG,2049,0.0
REGION1,RWNG,2049,0.0
REGION1,SNNG,2049,0.0
REGION1,SLNG,2049,0.0
REGION1,SONG,2049,0.0
REGION1,ZANG,2049,146.056
REGION1,SSNG,2049,0.0
REGION1,SDNG,2049,0.0
REGION1,SZNG,2049,0.0
REGION1,TZNG,2049,228.424
REGION1,TGNG,2049,0.0
REGION1,TNNG,2049,61.863
REGION1,UGNG,2049,0.0
REGION1,ZMNG,2049,0.0
REGION1,ZWNG,2049,0.0
REGION1,ATNG,2050,226.39
REGION1,BENG,2050,484.15
REGION1,BGNG,2050,56.105
REGION1,HRNG,2050,55.725
REGION1,CYNG,2050,0.0
REGION1,CZNG,2050,213.703
REGION1,DKNG,2050,72.5
REGION1,EENG,2050,8.92
REGION1,FING,2050,32.218
REGION1,FRNG,2050,1282.579
REGION1,DENG,2050,2642.225
REGION1,GRNG,2050,64.244
REGION1,HUNG,2050,246.06
REGION1,IENG,2050,91.417
REGION1,ITNG,2050,1647.208
REGION1,LVNG,2050,15.337
REGION1,LTNG,2050,51.403
REGION1,LUNG,2050,25.354
REGION1,MTNG,2050,0.0
REGION1,NLNG,2050,770.383
REGION1,NONG,2050,34.57
REGION1,PLNG,2050,529.362
REGION1,PTNG,2050,93.107
REGION1,RONG,2050,252.402
REGION1,SKNG,2050,125.767
REGION1,SING,2050,26.476
REGION1,ESNG,2050,728.337
REGION1,SENG,2050,24.54
REGION1,CHNG,2050,135.778
REGION1,UKNG,2050,1904.909
REGION1,DZNG,2050,2143.829
REGION1,AONG,2050,194.686
REGION1,BJNG,2050,0.0
REGION1,BWNG,2050,0.0
REGION1,BFNG,2050,0.0
REGION1,BING,2050,0.0
REGION1,CMNG,2050,0.0
REGION1,CFNG,2050,0.0
REGION1,TDNG,2050,0.0
REGION1,CDNG,2050,0.0
REGION1,CING,2050,1200.2300000000002
REGION1,DJNG,2050,0.0
REGION1,EGNG,2050,960.711
REGION1,GQNG,2050,416.89910000000003
REGION1,ERNG,2050,0.0
REGION1,ETNG,2050,0.0
REGION1,GANG,2050,0.5
REGION1,GMNG,2050,0.0
REGION1,GHNG,2050,700.6700000000001
REGION1,GNNG,2050,0.0
REGION1,GWNG,2050,0.0
REGION1,KENG,2050,0.0
REGION1,LSNG,2050,0.0
REGION1,LRNG,2050,0.0
REGION1,LYNG,2050,72.336
REGION1,MWNG,2050,0.0
REGION1,MLNG,2050,0.0
REGION1,MRNG,2050,0.0
REGION1,MANG,2050,1.181
REGION1,MZNG,2050,71.706
REGION1,NANG,2050,0.0
REGION1,NENG,2050,0.0
REGION1,NGNG,2050,1078.332
REGION1,CGNG,2050,0.0
REGION1,RWNG,2050,0.0
REGION1,SNNG,2050,0.0
REGION1,SLNG,2050,0.0
REGION1,SONG,2050,0.0
REGION1,ZANG,2050,153.844
REGION1,SSNG,2050,0.0
REGION1,SDNG,2050,0.0
REGION1,SZNG,2050,0.0
REGION1,TZNG,2050,238.969
REGION1,TGNG,2050,0.0
REGION1,TNNG,2050,64.161
REGION1,UGNG,2050,0.0
REGION1,ZMNG,2050,0.0
REGION1,ZWNG,2050,0.0
REGION1,ATNG,2051,226.39
REGION1,BENG,2051,484.15
REGION1,BGNG,2051,56.105
REGION1,HRNG,2051,55.725
REGION1,CYNG,2051,0.0
REGION1,CZNG,2051,213.703
REGION1,DKNG,2051,72.5
REGION1,EENG,2051,8.92
REGION1,FING,2051,32.218
REGION1,FRNG,2051,1282.579
REGION1,DENG,2051,2642.225
REGION1,GRNG,2051,64.244
REGION1,HUNG,2051,246.06
REGION1,IENG,2051,91.417
REGION1,ITNG,2051,1647.208
REGION1,LVNG,2051,15.337
REGION1,LTNG,2051,51.403
REGION1,LUNG,2051,25.354
REGION1,MTNG,2051,0.0
REGION1,NLNG,2051,770.383
REGION1,NONG,2051,34.57
REGION1,PLNG,2051,529.362
REGION1,PTNG,2051,93.107
REGION1,RONG,2051,252.402
REGION1,SKNG,2051,125.767
REGION1,SING,2051,26.476
REGION1,ESNG,2051,728.337
REGION1,SENG,2051,24.54
REGION1,CHNG,2051,135.778
REGION1,UKNG,2051,1904.909
REGION1,DZNG,2051,2143.829
REGION1,AONG,2051,194.686
REGION1,BJNG,2051,0.0
REGION1,BWNG,2051,0.0
REGION1,BFNG,2051,0.0
REGION1,BING,2051,0.0
REGION1,CMNG,2051,0.0
REGION1,CFNG,2051,0.0
REGION1,TDNG,2051,0.0
REGION1,CDNG,2051,0.0
REGION1,CING,2051,1200.2300000000002
REGION1,DJNG,2051,0.0
REGION1,EGNG,2051,960.711
REGION1,GQNG,2051,416.89910000000003
REGION1,ERNG,2051,0.0
REGION1,ETNG,2051,0.0
REGION1,GANG,2051,0.5
REGION1,GMNG,2051,0.0
REGION1,GHNG,2051,700.6700000000001
REGION1,GNNG,2051,0.0
REGION1,GWNG,2051,0.0
REGION1,KENG,2051,0.0
REGION1,LSNG,2051,0.0
REGION1,LRNG,2051,0.0
REGION1,LYNG,2051,72.336
REGION1,MWNG,2051,0.0
REGION1,MLNG,2051,0.0
REGION1,MRNG,2051,0.0
REGION1,MANG,2051,1.181
REGION1,MZNG,2051,71.706
REGION1,NANG,2051,0.0
REGION1,NENG,2051,0.0
REGION1,NGNG,2051,1078.332
REGION1,CGNG,2051,0.0
REGION1,RWNG,2051,0.0
REGION1,SNNG,2051,0.0
REGION1,SLNG,2051,0.0
REGION1,SONG,2051,0.0
REGION1,ZANG,2051,153.844
REGION1,SSNG,2051,0.0
REGION1,SDNG,2051,0.0
REGION1,SZNG,2051,0.0
REGION1,TZNG,2051,238.969
REGION1,TGNG,2051,0.0
REGION1,TNNG,2051,64.161
REGION1,UGNG,2051,0.0
REGION1,ZMNG,2051,0.0
REGION1,ZWNG,2051,0.0
REGION1,ATNG,2052,226.39
REGION1,BENG,2052,484.15
REGION1,BGNG,2052,56.105
REGION1,HRNG,2052,55.725
REGION1,CYNG,2052,0.0
REGION1,CZNG,2052,213.703
REGION1,DKNG,2052,72.5
REGION1,EENG,2052,8.92
REGION1,FING,2052,32.218
REGION1,FRNG,2052,1282.579
REGION1,DENG,2052,2642.225
REGION1,GRNG,2052,64.244
REGION1,HUNG,2052,246.06
REGION1,IENG,2052,91.417
REGION1,ITNG,2052,1647.208
REGION1,LVNG,2052,15.337
REGION1,LTNG,2052,51.403
REGION1,LUNG,2052,25.354
REGION1,MTNG,2052,0.0
REGION1,NLNG,2052,770.383
REGION1,NONG,2052,34.57
REGION1,PLNG,2052,529.362
REGION1,PTNG,2052,93.107
REGION1,RONG,2052,252.402
REGION1,SKNG,2052,125.767
REGION1,SING,2052,26.476
REGION1,ESNG,2052,728.337
REGION1,SENG,2052,24.54
REGION1,CHNG,2052,135.778
REGION1,UKNG,2052,1904.909
REGION1,DZNG,2052,2143.829
REGION1,AONG,2052,194.686
REGION1,BJNG,2052,0.0
REGION1,BWNG,2052,0.0
REGION1,BFNG,2052,0.0
REGION1,BING,2052,0.0
REGION1,CMNG,2052,0.0
REGION1,CFNG,2052,0.0
REGION1,TDNG,2052,0.0
REGION1,CDNG,2052,0.0
REGION1,CING,2052,1200.2300000000002
REGION1,DJNG,2052,0.0
REGION1,EGNG,2052,960.711
REGION1,GQNG,2052,416.89910000000003
REGION1,ERNG,2052,0.0
REGION1,ETNG,2052,0.0
REGION1,GANG,2052,0.5
REGION1,GMNG,2052,0.0
REGION1,GHNG,2052,700.6700000000001
REGION1,GNNG,2052,0.0
REGION1,GWNG,2052,0.0
REGION1,KENG,2052,0.0
REGION1,LSNG,2052,0.0
REGION1,LRNG,2052,0.0
REGION1,LYNG,2052,72.336
REGION1,MWNG,2052,0.0
REGION1,MLNG,2052,0.0
REGION1,MRNG,2052,0.0
REGION1,MANG,2052,1.181
REGION1,MZNG,2052,71.706
REGION1,NANG,2052,0.0
REGION1,NENG,2052,0.0
REGION1,NGNG,2052,1078.332
REGION1,CGNG,2052,0.0
REGION1,RWNG,2052,0.0
REGION1,SNNG,2052,0.0
REGION1,SLNG,2052,0.0
REGION1,SONG,2052,0.0
REGION1,ZANG,2052,153.844
REGION1,SSNG,2052,0.0
REGION1,SDNG,2052,0.0
REGION1,SZNG,2052,0.0
REGION1,TZNG,2052,238.969
REGION1,TGNG,2052,0.0
REGION1,TNNG,2052,64.161
REGION1,UGNG,2052,0.0
REGION1,ZMNG,2052,0.0
REGION1,ZWNG,2052,0.0
REGION1,ATNG,2053,226.39
REGION1,BENG,2053,484.15
REGION1,BGNG,2053,56.105
REGION1,HRNG,2053,55.725
REGION1,CYNG,2053,0.0
REGION1,CZNG,2053,213.703
REGION1,DKNG,2053,72.5
REGION1,EENG,2053,8.92
REGION1,FING,2053,32.218
REGION1,FRNG,2053,1282.579
REGION1,DENG,2053,2642.225
REGION1,GRNG,2053,64.244
REGION1,HUNG,2053,246.06
REGION1,IENG,2053,91.417
REGION1,ITNG,2053,1647.208
REGION1,LVNG,2053,15.337
REGION1,LTNG,2053,51.403
REGION1,LUNG,2053,25.354
REGION1,MTNG,2053,0.0
REGION1,NLNG,2053,770.383
REGION1,NONG,2053,34.57
REGION1,PLNG,2053,529.362
REGION1,PTNG,2053,93.107
REGION1,RONG,2053,252.402
REGION1,SKNG,2053,125.767
REGION1,SING,2053,26.476
REGION1,ESNG,2053,728.337
REGION1,SENG,2053,24.54
REGION1,CHNG,2053,135.778
REGION1,UKNG,2053,1904.909
REGION1,DZNG,2053,2143.829
REGION1,AONG,2053,194.686
REGION1,BJNG,2053,0.0
REGION1,BWNG,2053,0.0
REGION1,BFNG,2053,0.0
REGION1,BING,2053,0.0
REGION1,CMNG,2053,0.0
REGION1,CFNG,2053,0.0
REGION1,TDNG,2053,0.0
REGION1,CDNG,2053,0.0
REGION1,CING,2053,1200.2300000000002
REGION1,DJNG,2053,0.0
REGION1,EGNG,2053,960.711
REGION1,GQNG,2053,416.89910000000003
REGION1,ERNG,2053,0.0
REGION1,ETNG,2053,0.0
REGION1,GANG,2053,0.5
REGION1,GMNG,2053,0.0
REGION1,GHNG,2053,700.6700000000001
REGION1,GNNG,2053,0.0
REGION1,GWNG,2053,0.0
REGION1,KENG,2053,0.0
REGION1,LSNG,2053,0.0
REGION1,LRNG,2053,0.0
REGION1,LYNG,2053,72.336
REGION1,MWNG,2053,0.0
REGION1,MLNG,2053,0.0
REGION1,MRNG,2053,0.0
REGION1,MANG,2053,1.181
REGION1,MZNG,2053,71.706
REGION1,NANG,2053,0.0
REGION1,NENG,2053,0.0
REGION1,NGNG,2053,1078.332
REGION1,CGNG,2053,0.0
REGION1,RWNG,2053,0.0
REGION1,SNNG,2053,0.0
REGION1,SLNG,2053,0.0
REGION1,SONG,2053,0.0
REGION1,ZANG,2053,153.844
REGION1,SSNG,2053,0.0
REGION1,SDNG,2053,0.0
REGION1,SZNG,2053,0.0
REGION1,TZNG,2053,238.969
REGION1,TGNG,2053,0.0
REGION1,TNNG,2053,64.161
REGION1,UGNG,2053,0.0
REGION1,ZMNG,2053,0.0
REGION1,ZWNG,2053,0.0
REGION1,ATNG,2054,226.39
REGION1,BENG,2054,484.15
REGION1,BGNG,2054,56.105
REGION1,HRNG,2054,55.725
REGION1,CYNG,2054,0.0
REGION1,CZNG,2054,213.703
REGION1,DKNG,2054,72.5
REGION1,EENG,2054,8.92
REGION1,FING,2054,32.218
REGION1,FRNG,2054,1282.579
REGION1,DENG,2054,2642.225
REGION1,GRNG,2054,64.244
REGION1,HUNG,2054,246.06
REGION1,IENG,2054,91.417
REGION1,ITNG,2054,1647.208
REGION1,LVNG,2054,15.337
REGION1,LTNG,2054,51.403
REGION1,LUNG,2054,25.354
REGION1,MTNG,2054,0.0
REGION1,NLNG,2054,770.383
REGION1,NONG,2054,34.57
REGION1,PLNG,2054,529.362
REGION1,PTNG,2054,93.107
REGION1,RONG,2054,252.402
REGION1,SKNG,2054,125.767
REGION1,SING,2054,26.476
REGION1,ESNG,2054,728.337
REGION1,SENG,2054,24.54
REGION1,CHNG,2054,135.778
REGION1,UKNG,2054,1904.909
REGION1,DZNG,2054,2143.829
REGION1,AONG,2054,194.686
REGION1,BJNG,2054,0.0
REGION1,BWNG,2054,0.0
REGION1,BFNG,2054,0.0
REGION1,BING,2054,0.0
REGION1,CMNG,2054,0.0
REGION1,CFNG,2054,0.0
REGION1,TDNG,2054,0.0
REGION1,CDNG,2054,0.0
REGION1,CING,2054,1200.2300000000002
REGION1,DJNG,2054,0.0
REGION1,EGNG,2054,960.711
REGION1,GQNG,2054,416.89910000000003
REGION1,ERNG,2054,0.0
REGION1,ETNG,2054,0.0
REGION1,GANG,2054,0.5
REGION1,GMNG,2054,0.0
REGION1,GHNG,2054,700.6700000000001
REGION1,GNNG,2054,0.0
REGION1,GWNG,2054,0.0
REGION1,KENG,2054,0.0
REGION1,LSNG,2054,0.0
REGION1,LRNG,2054,0.0
REGION1,LYNG,2054,72.336
REGION1,MWNG,2054,0.0
REGION1,MLNG,2054,0.0
REGION1,MRNG,2054,0.0
REGION1,MANG,2054,1.181
REGION1,MZNG,2054,71.706
REGION1,NANG,2054,0.0
REGION1,NENG,2054,0.0
REGION1,NGNG,2054,1078.332
REGION1,CGNG,2054,0.0
REGION1,RWNG,2054,0.0
REGION1,SNNG,2054,0.0
REGION1,SLNG,2054,0.0
REGION1,SONG,2054,0.0
REGION1,ZANG,2054,153.844
REGION1,SSNG,2054,0.0
REGION1,SDNG,2054,0.0
REGION1,SZNG,2054,0.0
REGION1,TZNG,2054,238.969
REGION1,TGNG,2054,0.0
REGION1,TNNG,2054,64.161
REGION1,UGNG,2054,0.0
REGION1,ZMNG,2054,0.0
REGION1,ZWNG,2054,0.0
REGION1,ATNG,2055,226.39
REGION1,BENG,2055,484.15
REGION1,BGNG,2055,56.105
REGION1,HRNG,2055,55.725
REGION1,CYNG,2055,0.0
REGION1,CZNG,2055,213.703
REGION1,DKNG,2055,72.5
REGION1,EENG,2055,8.92
REGION1,FING,2055,32.218
REGION1,FRNG,2055,1282.579
REGION1,DENG,2055,2642.225
REGION1,GRNG,2055,64.244
REGION1,HUNG,2055,246.06
REGION1,IENG,2055,91.417
REGION1,ITNG,2055,1647.208
REGION1,LVNG,2055,15.337
REGION1,LTNG,2055,51.403
REGION1,LUNG,2055,25.354
REGION1,MTNG,2055,0.0
REGION1,NLNG,2055,770.383
REGION1,NONG,2055,34.57
REGION1,PLNG,2055,529.362
REGION1,PTNG,2055,93.107
REGION1,RONG,2055,252.402
REGION1,SKNG,2055,125.767
REGION1,SING,2055,26.476
REGION1,ESNG,2055,728.337
REGION1,SENG,2055,24.54
REGION1,CHNG,2055,135.778
REGION1,UKNG,2055,1904.909
REGION1,DZNG,2055,2143.829
REGION1,AONG,2055,194.686
REGION1,BJNG,2055,0.0
REGION1,BWNG,2055,0.0
REGION1,BFNG,2055,0.0
REGION1,BING,2055,0.0
REGION1,CMNG,2055,0.0
REGION1,CFNG,2055,0.0
REGION1,TDNG,2055,0.0
REGION1,CDNG,2055,0.0
REGION1,CING,2055,1200.2300000000002
REGION1,DJNG,2055,0.0
REGION1,EGNG,2055,960.711
REGION1,GQNG,2055,416.89910000000003
REGION1,ERNG,2055,0.0
REGION1,ETNG,2055,0.0
REGION1,GANG,2055,0.5
REGION1,GMNG,2055,0.0
REGION1,GHNG,2055,700.6700000000001
REGION1,GNNG,2055,0.0
REGION1,GWNG,2055,0.0
REGION1,KENG,2055,0.0
REGION1,LSNG,2055,0.0
REGION1,LRNG,2055,0.0
REGION1,LYNG,2055,72.336
REGION1,MWNG,2055,0.0
REGION1,MLNG,2055,0.0
REGION1,MRNG,2055,0.0
REGION1,MANG,2055,1.181
REGION1,MZNG,2055,71.706
REGION1,NANG,2055,0.0
REGION1,NENG,2055,0.0
REGION1,NGNG,2055,1078.332
REGION1,CGNG,2055,0.0
REGION1,RWNG,2055,0.0
REGION1,SNNG,2055,0.0
REGION1,SLNG,2055,0.0
REGION1,SONG,2055,0.0
REGION1,ZANG,2055,153.844
REGION1,SSNG,2055,0.0
REGION1,SDNG,2055,0.0
REGION1,SZNG,2055,0.0
REGION1,TZNG,2055,238.969
REGION1,TGNG,2055,0.0
REGION1,TNNG,2055,64.161
REGION1,UGNG,2055,0.0
REGION1,ZMNG,2055,0.0
REGION1,ZWNG,2055,0.0
