REGION,TECHNOLOGY,YEAR,VALUE
REGION1,PTBACKSTOP,2021,1.0
REGION1,PTBFHPFH1,2021,1.0
REGION1,PTBMSTPH1,2021,1.0
REGION1,PTGOCVPH1,2021,1.0
REGION1,PTHFCHPH1,2021,1.0
REGION1,PTHFSTPH1,2021,1.0
REGION1,PTHYDMPH1,2021,1.0
REGION1,PTHYDSPH1,2021,1.0
REGION1,PTNGCCPH1,2021,1.0
REGION1,PTNGCHPH1,2021,1.0
REGION1,PTOCWVPH1,2021,1.0
REGION1,PTSOUTPH1,2021,0.0
REGION1,PTWIOFPH1,2021,1.0
REGION1,PTWIONPH1,2021,1.0
REGION1,PTWSCHPH1,2021,1.0
REGION1,PTWSSTPH1,2021,1.0
REGION1,PTCOSTPH1,2021,1.0
REGION1,PTBFCHPH1,2021,1.0
REGION1,PTRGCHPH1,2021,1.0
REGION1,PTDSCHPH1,2021,1.0
REGION1,PTDSELH1,2021,1.0
REGION1,PTBMCHPH1,2021,1.0
REGION1,PTHYDRPH1,2021,1.0
REGION1,PTBFHPFN1,2021,1.0
REGION1,PTBMSTPN1,2021,1.0
REGION1,PTGOCVPN1,2021,1.0
REGION1,PTHFCHPN1,2021,1.0
REGION1,PTHFSTPN1,2021,1.0
REGION1,PTHYDMPN1,2021,1.0
REGION1,PTHYDSPN1,2021,1.0
REGION1,PTNGCCPN1,2021,1.0
REGION1,PTNGCHPN1,2021,1.0
REGION1,PTOCWVPN1,2021,1.0
REGION1,PTSOUTPN1,2021,0.0
REGION1,PTWIOFPN1,2021,1.0
REGION1,PTWIONPN1,2021,1.0
REGION1,PTWSCHPN1,2021,1.0
REGION1,PTWSSTPN1,2021,1.0
REGION1,PTCOSTPN1,2021,1.0
REGION1,PTBFCHPN1,2021,1.0
REGION1,PTRGCHPN1,2021,1.0
REGION1,PTDSCHPN1,2021,1.0
REGION1,PTDSELN1,2021,1.0
REGION1,PTBMCHPN1,2021,1.0
REGION1,PTHYDRPN1,2021,1.0
REGION1,PTNGCCSN1,2021,1.0
REGION1,PTBMCCSN1,2021,1.0
REGION1,PTBATTH1,2021,1.0
REGION1,ESELPTPH1,2021,1.0
REGION1,PTNGESPI0,2021,1.0
REGION1,PTBACKSTOP,2022,1.0
REGION1,PTBFHPFH1,2022,1.0
REGION1,PTBMSTPH1,2022,1.0
REGION1,PTGOCVPH1,2022,1.0
REGION1,PTHFCHPH1,2022,1.0
REGION1,PTHFSTPH1,2022,1.0
REGION1,PTHYDMPH1,2022,1.0
REGION1,PTHYDSPH1,2022,1.0
REGION1,PTNGCCPH1,2022,1.0
REGION1,PTNGCHPH1,2022,1.0
REGION1,PTOCWVPH1,2022,1.0
REGION1,PTSOUTPH1,2022,0.0
REGION1,PTWIOFPH1,2022,1.0
REGION1,PTWIONPH1,2022,1.0
REGION1,PTWSCHPH1,2022,1.0
REGION1,PTWSSTPH1,2022,1.0
REGION1,PTCOSTPH1,2022,1.0
REGION1,PTBFCHPH1,2022,1.0
REGION1,PTRGCHPH1,2022,1.0
REGION1,PTDSCHPH1,2022,1.0
REGION1,PTDSELH1,2022,1.0
REGION1,PTBMCHPH1,2022,1.0
REGION1,PTHYDRPH1,2022,1.0
REGION1,PTBFHPFN1,2022,1.0
REGION1,PTBMSTPN1,2022,1.0
REGION1,PTGOCVPN1,2022,1.0
REGION1,PTHFCHPN1,2022,1.0
REGION1,PTHFSTPN1,2022,1.0
REGION1,PTHYDMPN1,2022,1.0
REGION1,PTHYDSPN1,2022,1.0
REGION1,PTNGCCPN1,2022,1.0
REGION1,PTNGCHPN1,2022,1.0
REGION1,PTOCWVPN1,2022,1.0
REGION1,PTSOUTPN1,2022,0.0
REGION1,PTWIOFPN1,2022,1.0
REGION1,PTWIONPN1,2022,1.0
REGION1,PTWSCHPN1,2022,1.0
REGION1,PTWSSTPN1,2022,1.0
REGION1,PTCOSTPN1,2022,1.0
REGION1,PTBFCHPN1,2022,1.0
REGION1,PTRGCHPN1,2022,1.0
REGION1,PTDSCHPN1,2022,1.0
REGION1,PTDSELN1,2022,1.0
REGION1,PTBMCHPN1,2022,1.0
REGION1,PTHYDRPN1,2022,1.0
REGION1,PTNGCCSN1,2022,1.0
REGION1,PTBMCCSN1,2022,1.0
REGION1,PTBATTH1,2022,1.0
REGION1,ESELPTPH1,2022,1.0
REGION1,PTNGESPI0,2022,1.0
REGION1,PTBACKSTOP,2023,1.0
REGION1,PTBFHPFH1,2023,1.0
REGION1,PTBMSTPH1,2023,1.0
REGION1,PTGOCVPH1,2023,1.0
REGION1,PTHFCHPH1,2023,1.0
REGION1,PTHFSTPH1,2023,1.0
REGION1,PTHYDMPH1,2023,1.0
REGION1,PTHYDSPH1,2023,1.0
REGION1,PTNGCCPH1,2023,1.0
REGION1,PTNGCHPH1,2023,1.0
REGION1,PTOCWVPH1,2023,1.0
REGION1,PTSOUTPH1,2023,0.0
REGION1,PTWIOFPH1,2023,1.0
REGION1,PTWIONPH1,2023,1.0
REGION1,PTWSCHPH1,2023,1.0
REGION1,PTWSSTPH1,2023,1.0
REGION1,PTCOSTPH1,2023,1.0
REGION1,PTBFCHPH1,2023,1.0
REGION1,PTRGCHPH1,2023,1.0
REGION1,PTDSCHPH1,2023,1.0
REGION1,PTDSELH1,2023,1.0
REGION1,PTBMCHPH1,2023,1.0
REGION1,PTHYDRPH1,2023,1.0
REGION1,PTBFHPFN1,2023,1.0
REGION1,PTBMSTPN1,2023,1.0
REGION1,PTGOCVPN1,2023,1.0
REGION1,PTHFCHPN1,2023,1.0
REGION1,PTHFSTPN1,2023,1.0
REGION1,PTHYDMPN1,2023,1.0
REGION1,PTHYDSPN1,2023,1.0
REGION1,PTNGCCPN1,2023,1.0
REGION1,PTNGCHPN1,2023,1.0
REGION1,PTOCWVPN1,2023,1.0
REGION1,PTSOUTPN1,2023,0.0
REGION1,PTWIOFPN1,2023,1.0
REGION1,PTWIONPN1,2023,1.0
REGION1,PTWSCHPN1,2023,1.0
REGION1,PTWSSTPN1,2023,1.0
REGION1,PTCOSTPN1,2023,1.0
REGION1,PTBFCHPN1,2023,1.0
REGION1,PTRGCHPN1,2023,1.0
REGION1,PTDSCHPN1,2023,1.0
REGION1,PTDSELN1,2023,1.0
REGION1,PTBMCHPN1,2023,1.0
REGION1,PTHYDRPN1,2023,1.0
REGION1,PTNGCCSN1,2023,1.0
REGION1,PTBMCCSN1,2023,1.0
REGION1,PTBATTH1,2023,1.0
REGION1,ESELPTPH1,2023,1.0
REGION1,PTNGESPI0,2023,1.0
REGION1,PTBACKSTOP,2024,1.0
REGION1,PTBFHPFH1,2024,1.0
REGION1,PTBMSTPH1,2024,1.0
REGION1,PTGOCVPH1,2024,1.0
REGION1,PTHFCHPH1,2024,1.0
REGION1,PTHFSTPH1,2024,1.0
REGION1,PTHYDMPH1,2024,1.0
REGION1,PTHYDSPH1,2024,1.0
REGION1,PTNGCCPH1,2024,1.0
REGION1,PTNGCHPH1,2024,1.0
REGION1,PTOCWVPH1,2024,1.0
REGION1,PTSOUTPH1,2024,0.0
REGION1,PTWIOFPH1,2024,1.0
REGION1,PTWIONPH1,2024,1.0
REGION1,PTWSCHPH1,2024,1.0
REGION1,PTWSSTPH1,2024,1.0
REGION1,PTCOSTPH1,2024,1.0
REGION1,PTBFCHPH1,2024,1.0
REGION1,PTRGCHPH1,2024,1.0
REGION1,PTDSCHPH1,2024,1.0
REGION1,PTDSELH1,2024,1.0
REGION1,PTBMCHPH1,2024,1.0
REGION1,PTHYDRPH1,2024,1.0
REGION1,PTBFHPFN1,2024,1.0
REGION1,PTBMSTPN1,2024,1.0
REGION1,PTGOCVPN1,2024,1.0
REGION1,PTHFCHPN1,2024,1.0
REGION1,PTHFSTPN1,2024,1.0
REGION1,PTHYDMPN1,2024,1.0
REGION1,PTHYDSPN1,2024,1.0
REGION1,PTNGCCPN1,2024,1.0
REGION1,PTNGCHPN1,2024,1.0
REGION1,PTOCWVPN1,2024,1.0
REGION1,PTSOUTPN1,2024,0.0
REGION1,PTWIOFPN1,2024,1.0
REGION1,PTWIONPN1,2024,1.0
REGION1,PTWSCHPN1,2024,1.0
REGION1,PTWSSTPN1,2024,1.0
REGION1,PTCOSTPN1,2024,1.0
REGION1,PTBFCHPN1,2024,1.0
REGION1,PTRGCHPN1,2024,1.0
REGION1,PTDSCHPN1,2024,1.0
REGION1,PTDSELN1,2024,1.0
REGION1,PTBMCHPN1,2024,1.0
REGION1,PTHYDRPN1,2024,1.0
REGION1,PTNGCCSN1,2024,1.0
REGION1,PTBMCCSN1,2024,1.0
REGION1,PTBATTH1,2024,1.0
REGION1,ESELPTPH1,2024,1.0
REGION1,PTNGESPI0,2024,1.0
REGION1,PTBACKSTOP,2025,1.0
REGION1,PTBFHPFH1,2025,1.0
REGION1,PTBMSTPH1,2025,1.0
REGION1,PTGOCVPH1,2025,1.0
REGION1,PTHFCHPH1,2025,1.0
REGION1,PTHFSTPH1,2025,1.0
REGION1,PTHYDMPH1,2025,1.0
REGION1,PTHYDSPH1,2025,1.0
REGION1,PTNGCCPH1,2025,1.0
REGION1,PTNGCHPH1,2025,1.0
REGION1,PTOCWVPH1,2025,1.0
REGION1,PTSOUTPH1,2025,0.0
REGION1,PTWIOFPH1,2025,1.0
REGION1,PTWIONPH1,2025,1.0
REGION1,PTWSCHPH1,2025,1.0
REGION1,PTWSSTPH1,2025,1.0
REGION1,PTCOSTPH1,2025,1.0
REGION1,PTBFCHPH1,2025,1.0
REGION1,PTRGCHPH1,2025,1.0
REGION1,PTDSCHPH1,2025,1.0
REGION1,PTDSELH1,2025,1.0
REGION1,PTBMCHPH1,2025,1.0
REGION1,PTHYDRPH1,2025,1.0
REGION1,PTBFHPFN1,2025,1.0
REGION1,PTBMSTPN1,2025,1.0
REGION1,PTGOCVPN1,2025,1.0
REGION1,PTHFCHPN1,2025,1.0
REGION1,PTHFSTPN1,2025,1.0
REGION1,PTHYDMPN1,2025,1.0
REGION1,PTHYDSPN1,2025,1.0
REGION1,PTNGCCPN1,2025,1.0
REGION1,PTNGCHPN1,2025,1.0
REGION1,PTOCWVPN1,2025,1.0
REGION1,PTSOUTPN1,2025,0.0
REGION1,PTWIOFPN1,2025,1.0
REGION1,PTWIONPN1,2025,1.0
REGION1,PTWSCHPN1,2025,1.0
REGION1,PTWSSTPN1,2025,1.0
REGION1,PTCOSTPN1,2025,1.0
REGION1,PTBFCHPN1,2025,1.0
REGION1,PTRGCHPN1,2025,1.0
REGION1,PTDSCHPN1,2025,1.0
REGION1,PTDSELN1,2025,1.0
REGION1,PTBMCHPN1,2025,1.0
REGION1,PTHYDRPN1,2025,1.0
REGION1,PTNGCCSN1,2025,1.0
REGION1,PTBMCCSN1,2025,1.0
REGION1,PTBATTH1,2025,1.0
REGION1,ESELPTPH1,2025,1.0
REGION1,PTNGESPI0,2025,1.0
REGION1,PTBACKSTOP,2026,1.0
REGION1,PTBFHPFH1,2026,1.0
REGION1,PTBMSTPH1,2026,1.0
REGION1,PTGOCVPH1,2026,1.0
REGION1,PTHFCHPH1,2026,1.0
REGION1,PTHFSTPH1,2026,1.0
REGION1,PTHYDMPH1,2026,1.0
REGION1,PTHYDSPH1,2026,1.0
REGION1,PTNGCCPH1,2026,1.0
REGION1,PTNGCHPH1,2026,1.0
REGION1,PTOCWVPH1,2026,1.0
REGION1,PTSOUTPH1,2026,0.0
REGION1,PTWIOFPH1,2026,1.0
REGION1,PTWIONPH1,2026,1.0
REGION1,PTWSCHPH1,2026,1.0
REGION1,PTWSSTPH1,2026,1.0
REGION1,PTCOSTPH1,2026,1.0
REGION1,PTBFCHPH1,2026,1.0
REGION1,PTRGCHPH1,2026,1.0
REGION1,PTDSCHPH1,2026,1.0
REGION1,PTDSELH1,2026,1.0
REGION1,PTBMCHPH1,2026,1.0
REGION1,PTHYDRPH1,2026,1.0
REGION1,PTBFHPFN1,2026,1.0
REGION1,PTBMSTPN1,2026,1.0
REGION1,PTGOCVPN1,2026,1.0
REGION1,PTHFCHPN1,2026,1.0
REGION1,PTHFSTPN1,2026,1.0
REGION1,PTHYDMPN1,2026,1.0
REGION1,PTHYDSPN1,2026,1.0
REGION1,PTNGCCPN1,2026,1.0
REGION1,PTNGCHPN1,2026,1.0
REGION1,PTOCWVPN1,2026,1.0
REGION1,PTSOUTPN1,2026,0.0
REGION1,PTWIOFPN1,2026,1.0
REGION1,PTWIONPN1,2026,1.0
REGION1,PTWSCHPN1,2026,1.0
REGION1,PTWSSTPN1,2026,1.0
REGION1,PTCOSTPN1,2026,1.0
REGION1,PTBFCHPN1,2026,1.0
REGION1,PTRGCHPN1,2026,1.0
REGION1,PTDSCHPN1,2026,1.0
REGION1,PTDSELN1,2026,1.0
REGION1,PTBMCHPN1,2026,1.0
REGION1,PTHYDRPN1,2026,1.0
REGION1,PTNGCCSN1,2026,1.0
REGION1,PTBMCCSN1,2026,1.0
REGION1,PTBATTH1,2026,1.0
REGION1,ESELPTPH1,2026,1.0
REGION1,PTNGESPI0,2026,1.0
REGION1,PTBACKSTOP,2027,1.0
REGION1,PTBFHPFH1,2027,1.0
REGION1,PTBMSTPH1,2027,1.0
REGION1,PTGOCVPH1,2027,1.0
REGION1,PTHFCHPH1,2027,1.0
REGION1,PTHFSTPH1,2027,1.0
REGION1,PTHYDMPH1,2027,1.0
REGION1,PTHYDSPH1,2027,1.0
REGION1,PTNGCCPH1,2027,1.0
REGION1,PTNGCHPH1,2027,1.0
REGION1,PTOCWVPH1,2027,1.0
REGION1,PTSOUTPH1,2027,0.0
REGION1,PTWIOFPH1,2027,1.0
REGION1,PTWIONPH1,2027,1.0
REGION1,PTWSCHPH1,2027,1.0
REGION1,PTWSSTPH1,2027,1.0
REGION1,PTCOSTPH1,2027,1.0
REGION1,PTBFCHPH1,2027,1.0
REGION1,PTRGCHPH1,2027,1.0
REGION1,PTDSCHPH1,2027,1.0
REGION1,PTDSELH1,2027,1.0
REGION1,PTBMCHPH1,2027,1.0
REGION1,PTHYDRPH1,2027,1.0
REGION1,PTBFHPFN1,2027,1.0
REGION1,PTBMSTPN1,2027,1.0
REGION1,PTGOCVPN1,2027,1.0
REGION1,PTHFCHPN1,2027,1.0
REGION1,PTHFSTPN1,2027,1.0
REGION1,PTHYDMPN1,2027,1.0
REGION1,PTHYDSPN1,2027,1.0
REGION1,PTNGCCPN1,2027,1.0
REGION1,PTNGCHPN1,2027,1.0
REGION1,PTOCWVPN1,2027,1.0
REGION1,PTSOUTPN1,2027,0.0
REGION1,PTWIOFPN1,2027,1.0
REGION1,PTWIONPN1,2027,1.0
REGION1,PTWSCHPN1,2027,1.0
REGION1,PTWSSTPN1,2027,1.0
REGION1,PTCOSTPN1,2027,1.0
REGION1,PTBFCHPN1,2027,1.0
REGION1,PTRGCHPN1,2027,1.0
REGION1,PTDSCHPN1,2027,1.0
REGION1,PTDSELN1,2027,1.0
REGION1,PTBMCHPN1,2027,1.0
REGION1,PTHYDRPN1,2027,1.0
REGION1,PTNGCCSN1,2027,1.0
REGION1,PTBMCCSN1,2027,1.0
REGION1,PTBATTH1,2027,1.0
REGION1,ESELPTPH1,2027,1.0
REGION1,PTNGESPI0,2027,1.0
REGION1,PTBACKSTOP,2028,1.0
REGION1,PTBFHPFH1,2028,1.0
REGION1,PTBMSTPH1,2028,1.0
REGION1,PTGOCVPH1,2028,1.0
REGION1,PTHFCHPH1,2028,1.0
REGION1,PTHFSTPH1,2028,1.0
REGION1,PTHYDMPH1,2028,1.0
REGION1,PTHYDSPH1,2028,1.0
REGION1,PTNGCCPH1,2028,1.0
REGION1,PTNGCHPH1,2028,1.0
REGION1,PTOCWVPH1,2028,1.0
REGION1,PTSOUTPH1,2028,0.0
REGION1,PTWIOFPH1,2028,1.0
REGION1,PTWIONPH1,2028,1.0
REGION1,PTWSCHPH1,2028,1.0
REGION1,PTWSSTPH1,2028,1.0
REGION1,PTCOSTPH1,2028,1.0
REGION1,PTBFCHPH1,2028,1.0
REGION1,PTRGCHPH1,2028,1.0
REGION1,PTDSCHPH1,2028,1.0
REGION1,PTDSELH1,2028,1.0
REGION1,PTBMCHPH1,2028,1.0
REGION1,PTHYDRPH1,2028,1.0
REGION1,PTBFHPFN1,2028,1.0
REGION1,PTBMSTPN1,2028,1.0
REGION1,PTGOCVPN1,2028,1.0
REGION1,PTHFCHPN1,2028,1.0
REGION1,PTHFSTPN1,2028,1.0
REGION1,PTHYDMPN1,2028,1.0
REGION1,PTHYDSPN1,2028,1.0
REGION1,PTNGCCPN1,2028,1.0
REGION1,PTNGCHPN1,2028,1.0
REGION1,PTOCWVPN1,2028,1.0
REGION1,PTSOUTPN1,2028,0.0
REGION1,PTWIOFPN1,2028,1.0
REGION1,PTWIONPN1,2028,1.0
REGION1,PTWSCHPN1,2028,1.0
REGION1,PTWSSTPN1,2028,1.0
REGION1,PTCOSTPN1,2028,1.0
REGION1,PTBFCHPN1,2028,1.0
REGION1,PTRGCHPN1,2028,1.0
REGION1,PTDSCHPN1,2028,1.0
REGION1,PTDSELN1,2028,1.0
REGION1,PTBMCHPN1,2028,1.0
REGION1,PTHYDRPN1,2028,1.0
REGION1,PTNGCCSN1,2028,1.0
REGION1,PTBMCCSN1,2028,1.0
REGION1,PTBATTH1,2028,1.0
REGION1,ESELPTPH1,2028,1.0
REGION1,PTNGESPI0,2028,1.0
REGION1,PTBACKSTOP,2029,1.0
REGION1,PTBFHPFH1,2029,1.0
REGION1,PTBMSTPH1,2029,1.0
REGION1,PTGOCVPH1,2029,1.0
REGION1,PTHFCHPH1,2029,1.0
REGION1,PTHFSTPH1,2029,1.0
REGION1,PTHYDMPH1,2029,1.0
REGION1,PTHYDSPH1,2029,1.0
REGION1,PTNGCCPH1,2029,1.0
REGION1,PTNGCHPH1,2029,1.0
REGION1,PTOCWVPH1,2029,1.0
REGION1,PTSOUTPH1,2029,0.0
REGION1,PTWIOFPH1,2029,1.0
REGION1,PTWIONPH1,2029,1.0
REGION1,PTWSCHPH1,2029,1.0
REGION1,PTWSSTPH1,2029,1.0
REGION1,PTCOSTPH1,2029,1.0
REGION1,PTBFCHPH1,2029,1.0
REGION1,PTRGCHPH1,2029,1.0
REGION1,PTDSCHPH1,2029,1.0
REGION1,PTDSELH1,2029,1.0
REGION1,PTBMCHPH1,2029,1.0
REGION1,PTHYDRPH1,2029,1.0
REGION1,PTBFHPFN1,2029,1.0
REGION1,PTBMSTPN1,2029,1.0
REGION1,PTGOCVPN1,2029,1.0
REGION1,PTHFCHPN1,2029,1.0
REGION1,PTHFSTPN1,2029,1.0
REGION1,PTHYDMPN1,2029,1.0
REGION1,PTHYDSPN1,2029,1.0
REGION1,PTNGCCPN1,2029,1.0
REGION1,PTNGCHPN1,2029,1.0
REGION1,PTOCWVPN1,2029,1.0
REGION1,PTSOUTPN1,2029,0.0
REGION1,PTWIOFPN1,2029,1.0
REGION1,PTWIONPN1,2029,1.0
REGION1,PTWSCHPN1,2029,1.0
REGION1,PTWSSTPN1,2029,1.0
REGION1,PTCOSTPN1,2029,1.0
REGION1,PTBFCHPN1,2029,1.0
REGION1,PTRGCHPN1,2029,1.0
REGION1,PTDSCHPN1,2029,1.0
REGION1,PTDSELN1,2029,1.0
REGION1,PTBMCHPN1,2029,1.0
REGION1,PTHYDRPN1,2029,1.0
REGION1,PTNGCCSN1,2029,1.0
REGION1,PTBMCCSN1,2029,1.0
REGION1,PTBATTH1,2029,1.0
REGION1,ESELPTPH1,2029,1.0
REGION1,PTNGESPI0,2029,1.0
REGION1,PTBACKSTOP,2030,1.0
REGION1,PTBFHPFH1,2030,1.0
REGION1,PTBMSTPH1,2030,1.0
REGION1,PTGOCVPH1,2030,1.0
REGION1,PTHFCHPH1,2030,1.0
REGION1,PTHFSTPH1,2030,1.0
REGION1,PTHYDMPH1,2030,1.0
REGION1,PTHYDSPH1,2030,1.0
REGION1,PTNGCCPH1,2030,1.0
REGION1,PTNGCHPH1,2030,1.0
REGION1,PTOCWVPH1,2030,1.0
REGION1,PTSOUTPH1,2030,0.0
REGION1,PTWIOFPH1,2030,1.0
REGION1,PTWIONPH1,2030,1.0
REGION1,PTWSCHPH1,2030,1.0
REGION1,PTWSSTPH1,2030,1.0
REGION1,PTCOSTPH1,2030,1.0
REGION1,PTBFCHPH1,2030,1.0
REGION1,PTRGCHPH1,2030,1.0
REGION1,PTDSCHPH1,2030,1.0
REGION1,PTDSELH1,2030,1.0
REGION1,PTBMCHPH1,2030,1.0
REGION1,PTHYDRPH1,2030,1.0
REGION1,PTBFHPFN1,2030,1.0
REGION1,PTBMSTPN1,2030,1.0
REGION1,PTGOCVPN1,2030,1.0
REGION1,PTHFCHPN1,2030,1.0
REGION1,PTHFSTPN1,2030,1.0
REGION1,PTHYDMPN1,2030,1.0
REGION1,PTHYDSPN1,2030,1.0
REGION1,PTNGCCPN1,2030,1.0
REGION1,PTNGCHPN1,2030,1.0
REGION1,PTOCWVPN1,2030,1.0
REGION1,PTSOUTPN1,2030,0.0
REGION1,PTWIOFPN1,2030,1.0
REGION1,PTWIONPN1,2030,1.0
REGION1,PTWSCHPN1,2030,1.0
REGION1,PTWSSTPN1,2030,1.0
REGION1,PTCOSTPN1,2030,1.0
REGION1,PTBFCHPN1,2030,1.0
REGION1,PTRGCHPN1,2030,1.0
REGION1,PTDSCHPN1,2030,1.0
REGION1,PTDSELN1,2030,1.0
REGION1,PTBMCHPN1,2030,1.0
REGION1,PTHYDRPN1,2030,1.0
REGION1,PTNGCCSN1,2030,1.0
REGION1,PTBMCCSN1,2030,1.0
REGION1,PTBATTH1,2030,1.0
REGION1,ESELPTPH1,2030,1.0
REGION1,PTNGESPI0,2030,1.0
REGION1,PTBACKSTOP,2031,1.0
REGION1,PTBFHPFH1,2031,1.0
REGION1,PTBMSTPH1,2031,1.0
REGION1,PTGOCVPH1,2031,1.0
REGION1,PTHFCHPH1,2031,1.0
REGION1,PTHFSTPH1,2031,1.0
REGION1,PTHYDMPH1,2031,1.0
REGION1,PTHYDSPH1,2031,1.0
REGION1,PTNGCCPH1,2031,1.0
REGION1,PTNGCHPH1,2031,1.0
REGION1,PTOCWVPH1,2031,1.0
REGION1,PTSOUTPH1,2031,0.0
REGION1,PTWIOFPH1,2031,1.0
REGION1,PTWIONPH1,2031,1.0
REGION1,PTWSCHPH1,2031,1.0
REGION1,PTWSSTPH1,2031,1.0
REGION1,PTCOSTPH1,2031,1.0
REGION1,PTBFCHPH1,2031,1.0
REGION1,PTRGCHPH1,2031,1.0
REGION1,PTDSCHPH1,2031,1.0
REGION1,PTDSELH1,2031,1.0
REGION1,PTBMCHPH1,2031,1.0
REGION1,PTHYDRPH1,2031,1.0
REGION1,PTBFHPFN1,2031,1.0
REGION1,PTBMSTPN1,2031,1.0
REGION1,PTGOCVPN1,2031,1.0
REGION1,PTHFCHPN1,2031,1.0
REGION1,PTHFSTPN1,2031,1.0
REGION1,PTHYDMPN1,2031,1.0
REGION1,PTHYDSPN1,2031,1.0
REGION1,PTNGCCPN1,2031,1.0
REGION1,PTNGCHPN1,2031,1.0
REGION1,PTOCWVPN1,2031,1.0
REGION1,PTSOUTPN1,2031,0.0
REGION1,PTWIOFPN1,2031,1.0
REGION1,PTWIONPN1,2031,1.0
REGION1,PTWSCHPN1,2031,1.0
REGION1,PTWSSTPN1,2031,1.0
REGION1,PTCOSTPN1,2031,1.0
REGION1,PTBFCHPN1,2031,1.0
REGION1,PTRGCHPN1,2031,1.0
REGION1,PTDSCHPN1,2031,1.0
REGION1,PTDSELN1,2031,1.0
REGION1,PTBMCHPN1,2031,1.0
REGION1,PTHYDRPN1,2031,1.0
REGION1,PTNGCCSN1,2031,1.0
REGION1,PTBMCCSN1,2031,1.0
REGION1,PTBATTH1,2031,1.0
REGION1,ESELPTPH1,2031,1.0
REGION1,PTNGESPI0,2031,1.0
REGION1,PTBACKSTOP,2032,1.0
REGION1,PTBFHPFH1,2032,1.0
REGION1,PTBMSTPH1,2032,1.0
REGION1,PTGOCVPH1,2032,1.0
REGION1,PTHFCHPH1,2032,1.0
REGION1,PTHFSTPH1,2032,1.0
REGION1,PTHYDMPH1,2032,1.0
REGION1,PTHYDSPH1,2032,1.0
REGION1,PTNGCCPH1,2032,1.0
REGION1,PTNGCHPH1,2032,1.0
REGION1,PTOCWVPH1,2032,1.0
REGION1,PTSOUTPH1,2032,0.0
REGION1,PTWIOFPH1,2032,1.0
REGION1,PTWIONPH1,2032,1.0
REGION1,PTWSCHPH1,2032,1.0
REGION1,PTWSSTPH1,2032,1.0
REGION1,PTCOSTPH1,2032,1.0
REGION1,PTBFCHPH1,2032,1.0
REGION1,PTRGCHPH1,2032,1.0
REGION1,PTDSCHPH1,2032,1.0
REGION1,PTDSELH1,2032,1.0
REGION1,PTBMCHPH1,2032,1.0
REGION1,PTHYDRPH1,2032,1.0
REGION1,PTBFHPFN1,2032,1.0
REGION1,PTBMSTPN1,2032,1.0
REGION1,PTGOCVPN1,2032,1.0
REGION1,PTHFCHPN1,2032,1.0
REGION1,PTHFSTPN1,2032,1.0
REGION1,PTHYDMPN1,2032,1.0
REGION1,PTHYDSPN1,2032,1.0
REGION1,PTNGCCPN1,2032,1.0
REGION1,PTNGCHPN1,2032,1.0
REGION1,PTOCWVPN1,2032,1.0
REGION1,PTSOUTPN1,2032,0.0
REGION1,PTWIOFPN1,2032,1.0
REGION1,PTWIONPN1,2032,1.0
REGION1,PTWSCHPN1,2032,1.0
REGION1,PTWSSTPN1,2032,1.0
REGION1,PTCOSTPN1,2032,1.0
REGION1,PTBFCHPN1,2032,1.0
REGION1,PTRGCHPN1,2032,1.0
REGION1,PTDSCHPN1,2032,1.0
REGION1,PTDSELN1,2032,1.0
REGION1,PTBMCHPN1,2032,1.0
REGION1,PTHYDRPN1,2032,1.0
REGION1,PTNGCCSN1,2032,1.0
REGION1,PTBMCCSN1,2032,1.0
REGION1,PTBATTH1,2032,1.0
REGION1,ESELPTPH1,2032,1.0
REGION1,PTNGESPI0,2032,1.0
REGION1,PTBACKSTOP,2033,1.0
REGION1,PTBFHPFH1,2033,1.0
REGION1,PTBMSTPH1,2033,1.0
REGION1,PTGOCVPH1,2033,1.0
REGION1,PTHFCHPH1,2033,1.0
REGION1,PTHFSTPH1,2033,1.0
REGION1,PTHYDMPH1,2033,1.0
REGION1,PTHYDSPH1,2033,1.0
REGION1,PTNGCCPH1,2033,1.0
REGION1,PTNGCHPH1,2033,1.0
REGION1,PTOCWVPH1,2033,1.0
REGION1,PTSOUTPH1,2033,0.0
REGION1,PTWIOFPH1,2033,1.0
REGION1,PTWIONPH1,2033,1.0
REGION1,PTWSCHPH1,2033,1.0
REGION1,PTWSSTPH1,2033,1.0
REGION1,PTCOSTPH1,2033,1.0
REGION1,PTBFCHPH1,2033,1.0
REGION1,PTRGCHPH1,2033,1.0
REGION1,PTDSCHPH1,2033,1.0
REGION1,PTDSELH1,2033,1.0
REGION1,PTBMCHPH1,2033,1.0
REGION1,PTHYDRPH1,2033,1.0
REGION1,PTBFHPFN1,2033,1.0
REGION1,PTBMSTPN1,2033,1.0
REGION1,PTGOCVPN1,2033,1.0
REGION1,PTHFCHPN1,2033,1.0
REGION1,PTHFSTPN1,2033,1.0
REGION1,PTHYDMPN1,2033,1.0
REGION1,PTHYDSPN1,2033,1.0
REGION1,PTNGCCPN1,2033,1.0
REGION1,PTNGCHPN1,2033,1.0
REGION1,PTOCWVPN1,2033,1.0
REGION1,PTSOUTPN1,2033,0.0
REGION1,PTWIOFPN1,2033,1.0
REGION1,PTWIONPN1,2033,1.0
REGION1,PTWSCHPN1,2033,1.0
REGION1,PTWSSTPN1,2033,1.0
REGION1,PTCOSTPN1,2033,1.0
REGION1,PTBFCHPN1,2033,1.0
REGION1,PTRGCHPN1,2033,1.0
REGION1,PTDSCHPN1,2033,1.0
REGION1,PTDSELN1,2033,1.0
REGION1,PTBMCHPN1,2033,1.0
REGION1,PTHYDRPN1,2033,1.0
REGION1,PTNGCCSN1,2033,1.0
REGION1,PTBMCCSN1,2033,1.0
REGION1,PTBATTH1,2033,1.0
REGION1,ESELPTPH1,2033,1.0
REGION1,PTNGESPI0,2033,1.0
REGION1,PTBACKSTOP,2034,1.0
REGION1,PTBFHPFH1,2034,1.0
REGION1,PTBMSTPH1,2034,1.0
REGION1,PTGOCVPH1,2034,1.0
REGION1,PTHFCHPH1,2034,1.0
REGION1,PTHFSTPH1,2034,1.0
REGION1,PTHYDMPH1,2034,1.0
REGION1,PTHYDSPH1,2034,1.0
REGION1,PTNGCCPH1,2034,1.0
REGION1,PTNGCHPH1,2034,1.0
REGION1,PTOCWVPH1,2034,1.0
REGION1,PTSOUTPH1,2034,0.0
REGION1,PTWIOFPH1,2034,1.0
REGION1,PTWIONPH1,2034,1.0
REGION1,PTWSCHPH1,2034,1.0
REGION1,PTWSSTPH1,2034,1.0
REGION1,PTCOSTPH1,2034,1.0
REGION1,PTBFCHPH1,2034,1.0
REGION1,PTRGCHPH1,2034,1.0
REGION1,PTDSCHPH1,2034,1.0
REGION1,PTDSELH1,2034,1.0
REGION1,PTBMCHPH1,2034,1.0
REGION1,PTHYDRPH1,2034,1.0
REGION1,PTBFHPFN1,2034,1.0
REGION1,PTBMSTPN1,2034,1.0
REGION1,PTGOCVPN1,2034,1.0
REGION1,PTHFCHPN1,2034,1.0
REGION1,PTHFSTPN1,2034,1.0
REGION1,PTHYDMPN1,2034,1.0
REGION1,PTHYDSPN1,2034,1.0
REGION1,PTNGCCPN1,2034,1.0
REGION1,PTNGCHPN1,2034,1.0
REGION1,PTOCWVPN1,2034,1.0
REGION1,PTSOUTPN1,2034,0.0
REGION1,PTWIOFPN1,2034,1.0
REGION1,PTWIONPN1,2034,1.0
REGION1,PTWSCHPN1,2034,1.0
REGION1,PTWSSTPN1,2034,1.0
REGION1,PTCOSTPN1,2034,1.0
REGION1,PTBFCHPN1,2034,1.0
REGION1,PTRGCHPN1,2034,1.0
REGION1,PTDSCHPN1,2034,1.0
REGION1,PTDSELN1,2034,1.0
REGION1,PTBMCHPN1,2034,1.0
REGION1,PTHYDRPN1,2034,1.0
REGION1,PTNGCCSN1,2034,1.0
REGION1,PTBMCCSN1,2034,1.0
REGION1,PTBATTH1,2034,1.0
REGION1,ESELPTPH1,2034,1.0
REGION1,PTNGESPI0,2034,1.0
REGION1,PTBACKSTOP,2035,1.0
REGION1,PTBFHPFH1,2035,1.0
REGION1,PTBMSTPH1,2035,1.0
REGION1,PTGOCVPH1,2035,1.0
REGION1,PTHFCHPH1,2035,1.0
REGION1,PTHFSTPH1,2035,1.0
REGION1,PTHYDMPH1,2035,1.0
REGION1,PTHYDSPH1,2035,1.0
REGION1,PTNGCCPH1,2035,1.0
REGION1,PTNGCHPH1,2035,1.0
REGION1,PTOCWVPH1,2035,1.0
REGION1,PTSOUTPH1,2035,0.0
REGION1,PTWIOFPH1,2035,1.0
REGION1,PTWIONPH1,2035,1.0
REGION1,PTWSCHPH1,2035,1.0
REGION1,PTWSSTPH1,2035,1.0
REGION1,PTCOSTPH1,2035,1.0
REGION1,PTBFCHPH1,2035,1.0
REGION1,PTRGCHPH1,2035,1.0
REGION1,PTDSCHPH1,2035,1.0
REGION1,PTDSELH1,2035,1.0
REGION1,PTBMCHPH1,2035,1.0
REGION1,PTHYDRPH1,2035,1.0
REGION1,PTBFHPFN1,2035,1.0
REGION1,PTBMSTPN1,2035,1.0
REGION1,PTGOCVPN1,2035,1.0
REGION1,PTHFCHPN1,2035,1.0
REGION1,PTHFSTPN1,2035,1.0
REGION1,PTHYDMPN1,2035,1.0
REGION1,PTHYDSPN1,2035,1.0
REGION1,PTNGCCPN1,2035,1.0
REGION1,PTNGCHPN1,2035,1.0
REGION1,PTOCWVPN1,2035,1.0
REGION1,PTSOUTPN1,2035,0.0
REGION1,PTWIOFPN1,2035,1.0
REGION1,PTWIONPN1,2035,1.0
REGION1,PTWSCHPN1,2035,1.0
REGION1,PTWSSTPN1,2035,1.0
REGION1,PTCOSTPN1,2035,1.0
REGION1,PTBFCHPN1,2035,1.0
REGION1,PTRGCHPN1,2035,1.0
REGION1,PTDSCHPN1,2035,1.0
REGION1,PTDSELN1,2035,1.0
REGION1,PTBMCHPN1,2035,1.0
REGION1,PTHYDRPN1,2035,1.0
REGION1,PTNGCCSN1,2035,1.0
REGION1,PTBMCCSN1,2035,1.0
REGION1,PTBATTH1,2035,1.0
REGION1,ESELPTPH1,2035,1.0
REGION1,PTNGESPI0,2035,1.0
REGION1,PTBACKSTOP,2036,1.0
REGION1,PTBFHPFH1,2036,1.0
REGION1,PTBMSTPH1,2036,1.0
REGION1,PTGOCVPH1,2036,1.0
REGION1,PTHFCHPH1,2036,1.0
REGION1,PTHFSTPH1,2036,1.0
REGION1,PTHYDMPH1,2036,1.0
REGION1,PTHYDSPH1,2036,1.0
REGION1,PTNGCCPH1,2036,1.0
REGION1,PTNGCHPH1,2036,1.0
REGION1,PTOCWVPH1,2036,1.0
REGION1,PTSOUTPH1,2036,0.0
REGION1,PTWIOFPH1,2036,1.0
REGION1,PTWIONPH1,2036,1.0
REGION1,PTWSCHPH1,2036,1.0
REGION1,PTWSSTPH1,2036,1.0
REGION1,PTCOSTPH1,2036,1.0
REGION1,PTBFCHPH1,2036,1.0
REGION1,PTRGCHPH1,2036,1.0
REGION1,PTDSCHPH1,2036,1.0
REGION1,PTDSELH1,2036,1.0
REGION1,PTBMCHPH1,2036,1.0
REGION1,PTHYDRPH1,2036,1.0
REGION1,PTBFHPFN1,2036,1.0
REGION1,PTBMSTPN1,2036,1.0
REGION1,PTGOCVPN1,2036,1.0
REGION1,PTHFCHPN1,2036,1.0
REGION1,PTHFSTPN1,2036,1.0
REGION1,PTHYDMPN1,2036,1.0
REGION1,PTHYDSPN1,2036,1.0
REGION1,PTNGCCPN1,2036,1.0
REGION1,PTNGCHPN1,2036,1.0
REGION1,PTOCWVPN1,2036,1.0
REGION1,PTSOUTPN1,2036,0.0
REGION1,PTWIOFPN1,2036,1.0
REGION1,PTWIONPN1,2036,1.0
REGION1,PTWSCHPN1,2036,1.0
REGION1,PTWSSTPN1,2036,1.0
REGION1,PTCOSTPN1,2036,1.0
REGION1,PTBFCHPN1,2036,1.0
REGION1,PTRGCHPN1,2036,1.0
REGION1,PTDSCHPN1,2036,1.0
REGION1,PTDSELN1,2036,1.0
REGION1,PTBMCHPN1,2036,1.0
REGION1,PTHYDRPN1,2036,1.0
REGION1,PTNGCCSN1,2036,1.0
REGION1,PTBMCCSN1,2036,1.0
REGION1,PTBATTH1,2036,1.0
REGION1,ESELPTPH1,2036,1.0
REGION1,PTNGESPI0,2036,1.0
REGION1,PTBACKSTOP,2037,1.0
REGION1,PTBFHPFH1,2037,1.0
REGION1,PTBMSTPH1,2037,1.0
REGION1,PTGOCVPH1,2037,1.0
REGION1,PTHFCHPH1,2037,1.0
REGION1,PTHFSTPH1,2037,1.0
REGION1,PTHYDMPH1,2037,1.0
REGION1,PTHYDSPH1,2037,1.0
REGION1,PTNGCCPH1,2037,1.0
REGION1,PTNGCHPH1,2037,1.0
REGION1,PTOCWVPH1,2037,1.0
REGION1,PTSOUTPH1,2037,0.0
REGION1,PTWIOFPH1,2037,1.0
REGION1,PTWIONPH1,2037,1.0
REGION1,PTWSCHPH1,2037,1.0
REGION1,PTWSSTPH1,2037,1.0
REGION1,PTCOSTPH1,2037,1.0
REGION1,PTBFCHPH1,2037,1.0
REGION1,PTRGCHPH1,2037,1.0
REGION1,PTDSCHPH1,2037,1.0
REGION1,PTDSELH1,2037,1.0
REGION1,PTBMCHPH1,2037,1.0
REGION1,PTHYDRPH1,2037,1.0
REGION1,PTBFHPFN1,2037,1.0
REGION1,PTBMSTPN1,2037,1.0
REGION1,PTGOCVPN1,2037,1.0
REGION1,PTHFCHPN1,2037,1.0
REGION1,PTHFSTPN1,2037,1.0
REGION1,PTHYDMPN1,2037,1.0
REGION1,PTHYDSPN1,2037,1.0
REGION1,PTNGCCPN1,2037,1.0
REGION1,PTNGCHPN1,2037,1.0
REGION1,PTOCWVPN1,2037,1.0
REGION1,PTSOUTPN1,2037,0.0
REGION1,PTWIOFPN1,2037,1.0
REGION1,PTWIONPN1,2037,1.0
REGION1,PTWSCHPN1,2037,1.0
REGION1,PTWSSTPN1,2037,1.0
REGION1,PTCOSTPN1,2037,1.0
REGION1,PTBFCHPN1,2037,1.0
REGION1,PTRGCHPN1,2037,1.0
REGION1,PTDSCHPN1,2037,1.0
REGION1,PTDSELN1,2037,1.0
REGION1,PTBMCHPN1,2037,1.0
REGION1,PTHYDRPN1,2037,1.0
REGION1,PTNGCCSN1,2037,1.0
REGION1,PTBMCCSN1,2037,1.0
REGION1,PTBATTH1,2037,1.0
REGION1,ESELPTPH1,2037,1.0
REGION1,PTNGESPI0,2037,1.0
REGION1,PTBACKSTOP,2038,1.0
REGION1,PTBFHPFH1,2038,1.0
REGION1,PTBMSTPH1,2038,1.0
REGION1,PTGOCVPH1,2038,1.0
REGION1,PTHFCHPH1,2038,1.0
REGION1,PTHFSTPH1,2038,1.0
REGION1,PTHYDMPH1,2038,1.0
REGION1,PTHYDSPH1,2038,1.0
REGION1,PTNGCCPH1,2038,1.0
REGION1,PTNGCHPH1,2038,1.0
REGION1,PTOCWVPH1,2038,1.0
REGION1,PTSOUTPH1,2038,0.0
REGION1,PTWIOFPH1,2038,1.0
REGION1,PTWIONPH1,2038,1.0
REGION1,PTWSCHPH1,2038,1.0
REGION1,PTWSSTPH1,2038,1.0
REGION1,PTCOSTPH1,2038,1.0
REGION1,PTBFCHPH1,2038,1.0
REGION1,PTRGCHPH1,2038,1.0
REGION1,PTDSCHPH1,2038,1.0
REGION1,PTDSELH1,2038,1.0
REGION1,PTBMCHPH1,2038,1.0
REGION1,PTHYDRPH1,2038,1.0
REGION1,PTBFHPFN1,2038,1.0
REGION1,PTBMSTPN1,2038,1.0
REGION1,PTGOCVPN1,2038,1.0
REGION1,PTHFCHPN1,2038,1.0
REGION1,PTHFSTPN1,2038,1.0
REGION1,PTHYDMPN1,2038,1.0
REGION1,PTHYDSPN1,2038,1.0
REGION1,PTNGCCPN1,2038,1.0
REGION1,PTNGCHPN1,2038,1.0
REGION1,PTOCWVPN1,2038,1.0
REGION1,PTSOUTPN1,2038,0.0
REGION1,PTWIOFPN1,2038,1.0
REGION1,PTWIONPN1,2038,1.0
REGION1,PTWSCHPN1,2038,1.0
REGION1,PTWSSTPN1,2038,1.0
REGION1,PTCOSTPN1,2038,1.0
REGION1,PTBFCHPN1,2038,1.0
REGION1,PTRGCHPN1,2038,1.0
REGION1,PTDSCHPN1,2038,1.0
REGION1,PTDSELN1,2038,1.0
REGION1,PTBMCHPN1,2038,1.0
REGION1,PTHYDRPN1,2038,1.0
REGION1,PTNGCCSN1,2038,1.0
REGION1,PTBMCCSN1,2038,1.0
REGION1,PTBATTH1,2038,1.0
REGION1,ESELPTPH1,2038,1.0
REGION1,PTNGESPI0,2038,1.0
REGION1,PTBACKSTOP,2039,1.0
REGION1,PTBFHPFH1,2039,1.0
REGION1,PTBMSTPH1,2039,1.0
REGION1,PTGOCVPH1,2039,1.0
REGION1,PTHFCHPH1,2039,1.0
REGION1,PTHFSTPH1,2039,1.0
REGION1,PTHYDMPH1,2039,1.0
REGION1,PTHYDSPH1,2039,1.0
REGION1,PTNGCCPH1,2039,1.0
REGION1,PTNGCHPH1,2039,1.0
REGION1,PTOCWVPH1,2039,1.0
REGION1,PTSOUTPH1,2039,0.0
REGION1,PTWIOFPH1,2039,1.0
REGION1,PTWIONPH1,2039,1.0
REGION1,PTWSCHPH1,2039,1.0
REGION1,PTWSSTPH1,2039,1.0
REGION1,PTCOSTPH1,2039,1.0
REGION1,PTBFCHPH1,2039,1.0
REGION1,PTRGCHPH1,2039,1.0
REGION1,PTDSCHPH1,2039,1.0
REGION1,PTDSELH1,2039,1.0
REGION1,PTBMCHPH1,2039,1.0
REGION1,PTHYDRPH1,2039,1.0
REGION1,PTBFHPFN1,2039,1.0
REGION1,PTBMSTPN1,2039,1.0
REGION1,PTGOCVPN1,2039,1.0
REGION1,PTHFCHPN1,2039,1.0
REGION1,PTHFSTPN1,2039,1.0
REGION1,PTHYDMPN1,2039,1.0
REGION1,PTHYDSPN1,2039,1.0
REGION1,PTNGCCPN1,2039,1.0
REGION1,PTNGCHPN1,2039,1.0
REGION1,PTOCWVPN1,2039,1.0
REGION1,PTSOUTPN1,2039,0.0
REGION1,PTWIOFPN1,2039,1.0
REGION1,PTWIONPN1,2039,1.0
REGION1,PTWSCHPN1,2039,1.0
REGION1,PTWSSTPN1,2039,1.0
REGION1,PTCOSTPN1,2039,1.0
REGION1,PTBFCHPN1,2039,1.0
REGION1,PTRGCHPN1,2039,1.0
REGION1,PTDSCHPN1,2039,1.0
REGION1,PTDSELN1,2039,1.0
REGION1,PTBMCHPN1,2039,1.0
REGION1,PTHYDRPN1,2039,1.0
REGION1,PTNGCCSN1,2039,1.0
REGION1,PTBMCCSN1,2039,1.0
REGION1,PTBATTH1,2039,1.0
REGION1,ESELPTPH1,2039,1.0
REGION1,PTNGESPI0,2039,1.0
REGION1,PTBACKSTOP,2040,1.0
REGION1,PTBFHPFH1,2040,1.0
REGION1,PTBMSTPH1,2040,1.0
REGION1,PTGOCVPH1,2040,1.0
REGION1,PTHFCHPH1,2040,1.0
REGION1,PTHFSTPH1,2040,1.0
REGION1,PTHYDMPH1,2040,1.0
REGION1,PTHYDSPH1,2040,1.0
REGION1,PTNGCCPH1,2040,1.0
REGION1,PTNGCHPH1,2040,1.0
REGION1,PTOCWVPH1,2040,1.0
REGION1,PTSOUTPH1,2040,0.0
REGION1,PTWIOFPH1,2040,1.0
REGION1,PTWIONPH1,2040,1.0
REGION1,PTWSCHPH1,2040,1.0
REGION1,PTWSSTPH1,2040,1.0
REGION1,PTCOSTPH1,2040,1.0
REGION1,PTBFCHPH1,2040,1.0
REGION1,PTRGCHPH1,2040,1.0
REGION1,PTDSCHPH1,2040,1.0
REGION1,PTDSELH1,2040,1.0
REGION1,PTBMCHPH1,2040,1.0
REGION1,PTHYDRPH1,2040,1.0
REGION1,PTBFHPFN1,2040,1.0
REGION1,PTBMSTPN1,2040,1.0
REGION1,PTGOCVPN1,2040,1.0
REGION1,PTHFCHPN1,2040,1.0
REGION1,PTHFSTPN1,2040,1.0
REGION1,PTHYDMPN1,2040,1.0
REGION1,PTHYDSPN1,2040,1.0
REGION1,PTNGCCPN1,2040,1.0
REGION1,PTNGCHPN1,2040,1.0
REGION1,PTOCWVPN1,2040,1.0
REGION1,PTSOUTPN1,2040,0.0
REGION1,PTWIOFPN1,2040,1.0
REGION1,PTWIONPN1,2040,1.0
REGION1,PTWSCHPN1,2040,1.0
REGION1,PTWSSTPN1,2040,1.0
REGION1,PTCOSTPN1,2040,1.0
REGION1,PTBFCHPN1,2040,1.0
REGION1,PTRGCHPN1,2040,1.0
REGION1,PTDSCHPN1,2040,1.0
REGION1,PTDSELN1,2040,1.0
REGION1,PTBMCHPN1,2040,1.0
REGION1,PTHYDRPN1,2040,1.0
REGION1,PTNGCCSN1,2040,1.0
REGION1,PTBMCCSN1,2040,1.0
REGION1,PTBATTH1,2040,1.0
REGION1,ESELPTPH1,2040,1.0
REGION1,PTNGESPI0,2040,1.0
REGION1,PTBACKSTOP,2041,1.0
REGION1,PTBFHPFH1,2041,1.0
REGION1,PTBMSTPH1,2041,1.0
REGION1,PTGOCVPH1,2041,1.0
REGION1,PTHFCHPH1,2041,1.0
REGION1,PTHFSTPH1,2041,1.0
REGION1,PTHYDMPH1,2041,1.0
REGION1,PTHYDSPH1,2041,1.0
REGION1,PTNGCCPH1,2041,1.0
REGION1,PTNGCHPH1,2041,1.0
REGION1,PTOCWVPH1,2041,1.0
REGION1,PTSOUTPH1,2041,0.0
REGION1,PTWIOFPH1,2041,1.0
REGION1,PTWIONPH1,2041,1.0
REGION1,PTWSCHPH1,2041,1.0
REGION1,PTWSSTPH1,2041,1.0
REGION1,PTCOSTPH1,2041,1.0
REGION1,PTBFCHPH1,2041,1.0
REGION1,PTRGCHPH1,2041,1.0
REGION1,PTDSCHPH1,2041,1.0
REGION1,PTDSELH1,2041,1.0
REGION1,PTBMCHPH1,2041,1.0
REGION1,PTHYDRPH1,2041,1.0
REGION1,PTBFHPFN1,2041,1.0
REGION1,PTBMSTPN1,2041,1.0
REGION1,PTGOCVPN1,2041,1.0
REGION1,PTHFCHPN1,2041,1.0
REGION1,PTHFSTPN1,2041,1.0
REGION1,PTHYDMPN1,2041,1.0
REGION1,PTHYDSPN1,2041,1.0
REGION1,PTNGCCPN1,2041,1.0
REGION1,PTNGCHPN1,2041,1.0
REGION1,PTOCWVPN1,2041,1.0
REGION1,PTSOUTPN1,2041,0.0
REGION1,PTWIOFPN1,2041,1.0
REGION1,PTWIONPN1,2041,1.0
REGION1,PTWSCHPN1,2041,1.0
REGION1,PTWSSTPN1,2041,1.0
REGION1,PTCOSTPN1,2041,1.0
REGION1,PTBFCHPN1,2041,1.0
REGION1,PTRGCHPN1,2041,1.0
REGION1,PTDSCHPN1,2041,1.0
REGION1,PTDSELN1,2041,1.0
REGION1,PTBMCHPN1,2041,1.0
REGION1,PTHYDRPN1,2041,1.0
REGION1,PTNGCCSN1,2041,1.0
REGION1,PTBMCCSN1,2041,1.0
REGION1,PTBATTH1,2041,1.0
REGION1,ESELPTPH1,2041,1.0
REGION1,PTNGESPI0,2041,1.0
REGION1,PTBACKSTOP,2042,1.0
REGION1,PTBFHPFH1,2042,1.0
REGION1,PTBMSTPH1,2042,1.0
REGION1,PTGOCVPH1,2042,1.0
REGION1,PTHFCHPH1,2042,1.0
REGION1,PTHFSTPH1,2042,1.0
REGION1,PTHYDMPH1,2042,1.0
REGION1,PTHYDSPH1,2042,1.0
REGION1,PTNGCCPH1,2042,1.0
REGION1,PTNGCHPH1,2042,1.0
REGION1,PTOCWVPH1,2042,1.0
REGION1,PTSOUTPH1,2042,0.0
REGION1,PTWIOFPH1,2042,1.0
REGION1,PTWIONPH1,2042,1.0
REGION1,PTWSCHPH1,2042,1.0
REGION1,PTWSSTPH1,2042,1.0
REGION1,PTCOSTPH1,2042,1.0
REGION1,PTBFCHPH1,2042,1.0
REGION1,PTRGCHPH1,2042,1.0
REGION1,PTDSCHPH1,2042,1.0
REGION1,PTDSELH1,2042,1.0
REGION1,PTBMCHPH1,2042,1.0
REGION1,PTHYDRPH1,2042,1.0
REGION1,PTBFHPFN1,2042,1.0
REGION1,PTBMSTPN1,2042,1.0
REGION1,PTGOCVPN1,2042,1.0
REGION1,PTHFCHPN1,2042,1.0
REGION1,PTHFSTPN1,2042,1.0
REGION1,PTHYDMPN1,2042,1.0
REGION1,PTHYDSPN1,2042,1.0
REGION1,PTNGCCPN1,2042,1.0
REGION1,PTNGCHPN1,2042,1.0
REGION1,PTOCWVPN1,2042,1.0
REGION1,PTSOUTPN1,2042,0.0
REGION1,PTWIOFPN1,2042,1.0
REGION1,PTWIONPN1,2042,1.0
REGION1,PTWSCHPN1,2042,1.0
REGION1,PTWSSTPN1,2042,1.0
REGION1,PTCOSTPN1,2042,1.0
REGION1,PTBFCHPN1,2042,1.0
REGION1,PTRGCHPN1,2042,1.0
REGION1,PTDSCHPN1,2042,1.0
REGION1,PTDSELN1,2042,1.0
REGION1,PTBMCHPN1,2042,1.0
REGION1,PTHYDRPN1,2042,1.0
REGION1,PTNGCCSN1,2042,1.0
REGION1,PTBMCCSN1,2042,1.0
REGION1,PTBATTH1,2042,1.0
REGION1,ESELPTPH1,2042,1.0
REGION1,PTNGESPI0,2042,1.0
REGION1,PTBACKSTOP,2043,1.0
REGION1,PTBFHPFH1,2043,1.0
REGION1,PTBMSTPH1,2043,1.0
REGION1,PTGOCVPH1,2043,1.0
REGION1,PTHFCHPH1,2043,1.0
REGION1,PTHFSTPH1,2043,1.0
REGION1,PTHYDMPH1,2043,1.0
REGION1,PTHYDSPH1,2043,1.0
REGION1,PTNGCCPH1,2043,1.0
REGION1,PTNGCHPH1,2043,1.0
REGION1,PTOCWVPH1,2043,1.0
REGION1,PTSOUTPH1,2043,0.0
REGION1,PTWIOFPH1,2043,1.0
REGION1,PTWIONPH1,2043,1.0
REGION1,PTWSCHPH1,2043,1.0
REGION1,PTWSSTPH1,2043,1.0
REGION1,PTCOSTPH1,2043,1.0
REGION1,PTBFCHPH1,2043,1.0
REGION1,PTRGCHPH1,2043,1.0
REGION1,PTDSCHPH1,2043,1.0
REGION1,PTDSELH1,2043,1.0
REGION1,PTBMCHPH1,2043,1.0
REGION1,PTHYDRPH1,2043,1.0
REGION1,PTBFHPFN1,2043,1.0
REGION1,PTBMSTPN1,2043,1.0
REGION1,PTGOCVPN1,2043,1.0
REGION1,PTHFCHPN1,2043,1.0
REGION1,PTHFSTPN1,2043,1.0
REGION1,PTHYDMPN1,2043,1.0
REGION1,PTHYDSPN1,2043,1.0
REGION1,PTNGCCPN1,2043,1.0
REGION1,PTNGCHPN1,2043,1.0
REGION1,PTOCWVPN1,2043,1.0
REGION1,PTSOUTPN1,2043,0.0
REGION1,PTWIOFPN1,2043,1.0
REGION1,PTWIONPN1,2043,1.0
REGION1,PTWSCHPN1,2043,1.0
REGION1,PTWSSTPN1,2043,1.0
REGION1,PTCOSTPN1,2043,1.0
REGION1,PTBFCHPN1,2043,1.0
REGION1,PTRGCHPN1,2043,1.0
REGION1,PTDSCHPN1,2043,1.0
REGION1,PTDSELN1,2043,1.0
REGION1,PTBMCHPN1,2043,1.0
REGION1,PTHYDRPN1,2043,1.0
REGION1,PTNGCCSN1,2043,1.0
REGION1,PTBMCCSN1,2043,1.0
REGION1,PTBATTH1,2043,1.0
REGION1,ESELPTPH1,2043,1.0
REGION1,PTNGESPI0,2043,1.0
REGION1,PTBACKSTOP,2044,1.0
REGION1,PTBFHPFH1,2044,1.0
REGION1,PTBMSTPH1,2044,1.0
REGION1,PTGOCVPH1,2044,1.0
REGION1,PTHFCHPH1,2044,1.0
REGION1,PTHFSTPH1,2044,1.0
REGION1,PTHYDMPH1,2044,1.0
REGION1,PTHYDSPH1,2044,1.0
REGION1,PTNGCCPH1,2044,1.0
REGION1,PTNGCHPH1,2044,1.0
REGION1,PTOCWVPH1,2044,1.0
REGION1,PTSOUTPH1,2044,0.0
REGION1,PTWIOFPH1,2044,1.0
REGION1,PTWIONPH1,2044,1.0
REGION1,PTWSCHPH1,2044,1.0
REGION1,PTWSSTPH1,2044,1.0
REGION1,PTCOSTPH1,2044,1.0
REGION1,PTBFCHPH1,2044,1.0
REGION1,PTRGCHPH1,2044,1.0
REGION1,PTDSCHPH1,2044,1.0
REGION1,PTDSELH1,2044,1.0
REGION1,PTBMCHPH1,2044,1.0
REGION1,PTHYDRPH1,2044,1.0
REGION1,PTBFHPFN1,2044,1.0
REGION1,PTBMSTPN1,2044,1.0
REGION1,PTGOCVPN1,2044,1.0
REGION1,PTHFCHPN1,2044,1.0
REGION1,PTHFSTPN1,2044,1.0
REGION1,PTHYDMPN1,2044,1.0
REGION1,PTHYDSPN1,2044,1.0
REGION1,PTNGCCPN1,2044,1.0
REGION1,PTNGCHPN1,2044,1.0
REGION1,PTOCWVPN1,2044,1.0
REGION1,PTSOUTPN1,2044,0.0
REGION1,PTWIOFPN1,2044,1.0
REGION1,PTWIONPN1,2044,1.0
REGION1,PTWSCHPN1,2044,1.0
REGION1,PTWSSTPN1,2044,1.0
REGION1,PTCOSTPN1,2044,1.0
REGION1,PTBFCHPN1,2044,1.0
REGION1,PTRGCHPN1,2044,1.0
REGION1,PTDSCHPN1,2044,1.0
REGION1,PTDSELN1,2044,1.0
REGION1,PTBMCHPN1,2044,1.0
REGION1,PTHYDRPN1,2044,1.0
REGION1,PTNGCCSN1,2044,1.0
REGION1,PTBMCCSN1,2044,1.0
REGION1,PTBATTH1,2044,1.0
REGION1,ESELPTPH1,2044,1.0
REGION1,PTNGESPI0,2044,1.0
REGION1,PTBACKSTOP,2045,1.0
REGION1,PTBFHPFH1,2045,1.0
REGION1,PTBMSTPH1,2045,1.0
REGION1,PTGOCVPH1,2045,1.0
REGION1,PTHFCHPH1,2045,1.0
REGION1,PTHFSTPH1,2045,1.0
REGION1,PTHYDMPH1,2045,1.0
REGION1,PTHYDSPH1,2045,1.0
REGION1,PTNGCCPH1,2045,1.0
REGION1,PTNGCHPH1,2045,1.0
REGION1,PTOCWVPH1,2045,1.0
REGION1,PTSOUTPH1,2045,0.0
REGION1,PTWIOFPH1,2045,1.0
REGION1,PTWIONPH1,2045,1.0
REGION1,PTWSCHPH1,2045,1.0
REGION1,PTWSSTPH1,2045,1.0
REGION1,PTCOSTPH1,2045,1.0
REGION1,PTBFCHPH1,2045,1.0
REGION1,PTRGCHPH1,2045,1.0
REGION1,PTDSCHPH1,2045,1.0
REGION1,PTDSELH1,2045,1.0
REGION1,PTBMCHPH1,2045,1.0
REGION1,PTHYDRPH1,2045,1.0
REGION1,PTBFHPFN1,2045,1.0
REGION1,PTBMSTPN1,2045,1.0
REGION1,PTGOCVPN1,2045,1.0
REGION1,PTHFCHPN1,2045,1.0
REGION1,PTHFSTPN1,2045,1.0
REGION1,PTHYDMPN1,2045,1.0
REGION1,PTHYDSPN1,2045,1.0
REGION1,PTNGCCPN1,2045,1.0
REGION1,PTNGCHPN1,2045,1.0
REGION1,PTOCWVPN1,2045,1.0
REGION1,PTSOUTPN1,2045,0.0
REGION1,PTWIOFPN1,2045,1.0
REGION1,PTWIONPN1,2045,1.0
REGION1,PTWSCHPN1,2045,1.0
REGION1,PTWSSTPN1,2045,1.0
REGION1,PTCOSTPN1,2045,1.0
REGION1,PTBFCHPN1,2045,1.0
REGION1,PTRGCHPN1,2045,1.0
REGION1,PTDSCHPN1,2045,1.0
REGION1,PTDSELN1,2045,1.0
REGION1,PTBMCHPN1,2045,1.0
REGION1,PTHYDRPN1,2045,1.0
REGION1,PTNGCCSN1,2045,1.0
REGION1,PTBMCCSN1,2045,1.0
REGION1,PTBATTH1,2045,1.0
REGION1,ESELPTPH1,2045,1.0
REGION1,PTNGESPI0,2045,1.0
REGION1,PTBACKSTOP,2046,1.0
REGION1,PTBFHPFH1,2046,1.0
REGION1,PTBMSTPH1,2046,1.0
REGION1,PTGOCVPH1,2046,1.0
REGION1,PTHFCHPH1,2046,1.0
REGION1,PTHFSTPH1,2046,1.0
REGION1,PTHYDMPH1,2046,1.0
REGION1,PTHYDSPH1,2046,1.0
REGION1,PTNGCCPH1,2046,1.0
REGION1,PTNGCHPH1,2046,1.0
REGION1,PTOCWVPH1,2046,1.0
REGION1,PTSOUTPH1,2046,0.0
REGION1,PTWIOFPH1,2046,1.0
REGION1,PTWIONPH1,2046,1.0
REGION1,PTWSCHPH1,2046,1.0
REGION1,PTWSSTPH1,2046,1.0
REGION1,PTCOSTPH1,2046,1.0
REGION1,PTBFCHPH1,2046,1.0
REGION1,PTRGCHPH1,2046,1.0
REGION1,PTDSCHPH1,2046,1.0
REGION1,PTDSELH1,2046,1.0
REGION1,PTBMCHPH1,2046,1.0
REGION1,PTHYDRPH1,2046,1.0
REGION1,PTBFHPFN1,2046,1.0
REGION1,PTBMSTPN1,2046,1.0
REGION1,PTGOCVPN1,2046,1.0
REGION1,PTHFCHPN1,2046,1.0
REGION1,PTHFSTPN1,2046,1.0
REGION1,PTHYDMPN1,2046,1.0
REGION1,PTHYDSPN1,2046,1.0
REGION1,PTNGCCPN1,2046,1.0
REGION1,PTNGCHPN1,2046,1.0
REGION1,PTOCWVPN1,2046,1.0
REGION1,PTSOUTPN1,2046,0.0
REGION1,PTWIOFPN1,2046,1.0
REGION1,PTWIONPN1,2046,1.0
REGION1,PTWSCHPN1,2046,1.0
REGION1,PTWSSTPN1,2046,1.0
REGION1,PTCOSTPN1,2046,1.0
REGION1,PTBFCHPN1,2046,1.0
REGION1,PTRGCHPN1,2046,1.0
REGION1,PTDSCHPN1,2046,1.0
REGION1,PTDSELN1,2046,1.0
REGION1,PTBMCHPN1,2046,1.0
REGION1,PTHYDRPN1,2046,1.0
REGION1,PTNGCCSN1,2046,1.0
REGION1,PTBMCCSN1,2046,1.0
REGION1,PTBATTH1,2046,1.0
REGION1,ESELPTPH1,2046,1.0
REGION1,PTNGESPI0,2046,1.0
REGION1,PTBACKSTOP,2047,1.0
REGION1,PTBFHPFH1,2047,1.0
REGION1,PTBMSTPH1,2047,1.0
REGION1,PTGOCVPH1,2047,1.0
REGION1,PTHFCHPH1,2047,1.0
REGION1,PTHFSTPH1,2047,1.0
REGION1,PTHYDMPH1,2047,1.0
REGION1,PTHYDSPH1,2047,1.0
REGION1,PTNGCCPH1,2047,1.0
REGION1,PTNGCHPH1,2047,1.0
REGION1,PTOCWVPH1,2047,1.0
REGION1,PTSOUTPH1,2047,0.0
REGION1,PTWIOFPH1,2047,1.0
REGION1,PTWIONPH1,2047,1.0
REGION1,PTWSCHPH1,2047,1.0
REGION1,PTWSSTPH1,2047,1.0
REGION1,PTCOSTPH1,2047,1.0
REGION1,PTBFCHPH1,2047,1.0
REGION1,PTRGCHPH1,2047,1.0
REGION1,PTDSCHPH1,2047,1.0
REGION1,PTDSELH1,2047,1.0
REGION1,PTBMCHPH1,2047,1.0
REGION1,PTHYDRPH1,2047,1.0
REGION1,PTBFHPFN1,2047,1.0
REGION1,PTBMSTPN1,2047,1.0
REGION1,PTGOCVPN1,2047,1.0
REGION1,PTHFCHPN1,2047,1.0
REGION1,PTHFSTPN1,2047,1.0
REGION1,PTHYDMPN1,2047,1.0
REGION1,PTHYDSPN1,2047,1.0
REGION1,PTNGCCPN1,2047,1.0
REGION1,PTNGCHPN1,2047,1.0
REGION1,PTOCWVPN1,2047,1.0
REGION1,PTSOUTPN1,2047,0.0
REGION1,PTWIOFPN1,2047,1.0
REGION1,PTWIONPN1,2047,1.0
REGION1,PTWSCHPN1,2047,1.0
REGION1,PTWSSTPN1,2047,1.0
REGION1,PTCOSTPN1,2047,1.0
REGION1,PTBFCHPN1,2047,1.0
REGION1,PTRGCHPN1,2047,1.0
REGION1,PTDSCHPN1,2047,1.0
REGION1,PTDSELN1,2047,1.0
REGION1,PTBMCHPN1,2047,1.0
REGION1,PTHYDRPN1,2047,1.0
REGION1,PTNGCCSN1,2047,1.0
REGION1,PTBMCCSN1,2047,1.0
REGION1,PTBATTH1,2047,1.0
REGION1,ESELPTPH1,2047,1.0
REGION1,PTNGESPI0,2047,1.0
REGION1,PTBACKSTOP,2048,1.0
REGION1,PTBFHPFH1,2048,1.0
REGION1,PTBMSTPH1,2048,1.0
REGION1,PTGOCVPH1,2048,1.0
REGION1,PTHFCHPH1,2048,1.0
REGION1,PTHFSTPH1,2048,1.0
REGION1,PTHYDMPH1,2048,1.0
REGION1,PTHYDSPH1,2048,1.0
REGION1,PTNGCCPH1,2048,1.0
REGION1,PTNGCHPH1,2048,1.0
REGION1,PTOCWVPH1,2048,1.0
REGION1,PTSOUTPH1,2048,0.0
REGION1,PTWIOFPH1,2048,1.0
REGION1,PTWIONPH1,2048,1.0
REGION1,PTWSCHPH1,2048,1.0
REGION1,PTWSSTPH1,2048,1.0
REGION1,PTCOSTPH1,2048,1.0
REGION1,PTBFCHPH1,2048,1.0
REGION1,PTRGCHPH1,2048,1.0
REGION1,PTDSCHPH1,2048,1.0
REGION1,PTDSELH1,2048,1.0
REGION1,PTBMCHPH1,2048,1.0
REGION1,PTHYDRPH1,2048,1.0
REGION1,PTBFHPFN1,2048,1.0
REGION1,PTBMSTPN1,2048,1.0
REGION1,PTGOCVPN1,2048,1.0
REGION1,PTHFCHPN1,2048,1.0
REGION1,PTHFSTPN1,2048,1.0
REGION1,PTHYDMPN1,2048,1.0
REGION1,PTHYDSPN1,2048,1.0
REGION1,PTNGCCPN1,2048,1.0
REGION1,PTNGCHPN1,2048,1.0
REGION1,PTOCWVPN1,2048,1.0
REGION1,PTSOUTPN1,2048,0.0
REGION1,PTWIOFPN1,2048,1.0
REGION1,PTWIONPN1,2048,1.0
REGION1,PTWSCHPN1,2048,1.0
REGION1,PTWSSTPN1,2048,1.0
REGION1,PTCOSTPN1,2048,1.0
REGION1,PTBFCHPN1,2048,1.0
REGION1,PTRGCHPN1,2048,1.0
REGION1,PTDSCHPN1,2048,1.0
REGION1,PTDSELN1,2048,1.0
REGION1,PTBMCHPN1,2048,1.0
REGION1,PTHYDRPN1,2048,1.0
REGION1,PTNGCCSN1,2048,1.0
REGION1,PTBMCCSN1,2048,1.0
REGION1,PTBATTH1,2048,1.0
REGION1,ESELPTPH1,2048,1.0
REGION1,PTNGESPI0,2048,1.0
REGION1,PTBACKSTOP,2049,1.0
REGION1,PTBFHPFH1,2049,1.0
REGION1,PTBMSTPH1,2049,1.0
REGION1,PTGOCVPH1,2049,1.0
REGION1,PTHFCHPH1,2049,1.0
REGION1,PTHFSTPH1,2049,1.0
REGION1,PTHYDMPH1,2049,1.0
REGION1,PTHYDSPH1,2049,1.0
REGION1,PTNGCCPH1,2049,1.0
REGION1,PTNGCHPH1,2049,1.0
REGION1,PTOCWVPH1,2049,1.0
REGION1,PTSOUTPH1,2049,0.0
REGION1,PTWIOFPH1,2049,1.0
REGION1,PTWIONPH1,2049,1.0
REGION1,PTWSCHPH1,2049,1.0
REGION1,PTWSSTPH1,2049,1.0
REGION1,PTCOSTPH1,2049,1.0
REGION1,PTBFCHPH1,2049,1.0
REGION1,PTRGCHPH1,2049,1.0
REGION1,PTDSCHPH1,2049,1.0
REGION1,PTDSELH1,2049,1.0
REGION1,PTBMCHPH1,2049,1.0
REGION1,PTHYDRPH1,2049,1.0
REGION1,PTBFHPFN1,2049,1.0
REGION1,PTBMSTPN1,2049,1.0
REGION1,PTGOCVPN1,2049,1.0
REGION1,PTHFCHPN1,2049,1.0
REGION1,PTHFSTPN1,2049,1.0
REGION1,PTHYDMPN1,2049,1.0
REGION1,PTHYDSPN1,2049,1.0
REGION1,PTNGCCPN1,2049,1.0
REGION1,PTNGCHPN1,2049,1.0
REGION1,PTOCWVPN1,2049,1.0
REGION1,PTSOUTPN1,2049,0.0
REGION1,PTWIOFPN1,2049,1.0
REGION1,PTWIONPN1,2049,1.0
REGION1,PTWSCHPN1,2049,1.0
REGION1,PTWSSTPN1,2049,1.0
REGION1,PTCOSTPN1,2049,1.0
REGION1,PTBFCHPN1,2049,1.0
REGION1,PTRGCHPN1,2049,1.0
REGION1,PTDSCHPN1,2049,1.0
REGION1,PTDSELN1,2049,1.0
REGION1,PTBMCHPN1,2049,1.0
REGION1,PTHYDRPN1,2049,1.0
REGION1,PTNGCCSN1,2049,1.0
REGION1,PTBMCCSN1,2049,1.0
REGION1,PTBATTH1,2049,1.0
REGION1,ESELPTPH1,2049,1.0
REGION1,PTNGESPI0,2049,1.0
REGION1,PTBACKSTOP,2050,1.0
REGION1,PTBFHPFH1,2050,1.0
REGION1,PTBMSTPH1,2050,1.0
REGION1,PTGOCVPH1,2050,1.0
REGION1,PTHFCHPH1,2050,1.0
REGION1,PTHFSTPH1,2050,1.0
REGION1,PTHYDMPH1,2050,1.0
REGION1,PTHYDSPH1,2050,1.0
REGION1,PTNGCCPH1,2050,1.0
REGION1,PTNGCHPH1,2050,1.0
REGION1,PTOCWVPH1,2050,1.0
REGION1,PTSOUTPH1,2050,0.0
REGION1,PTWIOFPH1,2050,1.0
REGION1,PTWIONPH1,2050,1.0
REGION1,PTWSCHPH1,2050,1.0
REGION1,PTWSSTPH1,2050,1.0
REGION1,PTCOSTPH1,2050,1.0
REGION1,PTBFCHPH1,2050,1.0
REGION1,PTRGCHPH1,2050,1.0
REGION1,PTDSCHPH1,2050,1.0
REGION1,PTDSELH1,2050,1.0
REGION1,PTBMCHPH1,2050,1.0
REGION1,PTHYDRPH1,2050,1.0
REGION1,PTBFHPFN1,2050,1.0
REGION1,PTBMSTPN1,2050,1.0
REGION1,PTGOCVPN1,2050,1.0
REGION1,PTHFCHPN1,2050,1.0
REGION1,PTHFSTPN1,2050,1.0
REGION1,PTHYDMPN1,2050,1.0
REGION1,PTHYDSPN1,2050,1.0
REGION1,PTNGCCPN1,2050,1.0
REGION1,PTNGCHPN1,2050,1.0
REGION1,PTOCWVPN1,2050,1.0
REGION1,PTSOUTPN1,2050,0.0
REGION1,PTWIOFPN1,2050,1.0
REGION1,PTWIONPN1,2050,1.0
REGION1,PTWSCHPN1,2050,1.0
REGION1,PTWSSTPN1,2050,1.0
REGION1,PTCOSTPN1,2050,1.0
REGION1,PTBFCHPN1,2050,1.0
REGION1,PTRGCHPN1,2050,1.0
REGION1,PTDSCHPN1,2050,1.0
REGION1,PTDSELN1,2050,1.0
REGION1,PTBMCHPN1,2050,1.0
REGION1,PTHYDRPN1,2050,1.0
REGION1,PTNGCCSN1,2050,1.0
REGION1,PTBMCCSN1,2050,1.0
REGION1,PTBATTH1,2050,1.0
REGION1,ESELPTPH1,2050,1.0
REGION1,PTNGESPI0,2050,1.0
REGION1,PTBACKSTOP,2051,1.0
REGION1,PTBFHPFH1,2051,1.0
REGION1,PTBMSTPH1,2051,1.0
REGION1,PTGOCVPH1,2051,1.0
REGION1,PTHFCHPH1,2051,1.0
REGION1,PTHFSTPH1,2051,1.0
REGION1,PTHYDMPH1,2051,1.0
REGION1,PTHYDSPH1,2051,1.0
REGION1,PTNGCCPH1,2051,1.0
REGION1,PTNGCHPH1,2051,1.0
REGION1,PTOCWVPH1,2051,1.0
REGION1,PTSOUTPH1,2051,0.0
REGION1,PTWIOFPH1,2051,1.0
REGION1,PTWIONPH1,2051,1.0
REGION1,PTWSCHPH1,2051,1.0
REGION1,PTWSSTPH1,2051,1.0
REGION1,PTCOSTPH1,2051,1.0
REGION1,PTBFCHPH1,2051,1.0
REGION1,PTRGCHPH1,2051,1.0
REGION1,PTDSCHPH1,2051,1.0
REGION1,PTDSELH1,2051,1.0
REGION1,PTBMCHPH1,2051,1.0
REGION1,PTHYDRPH1,2051,1.0
REGION1,PTBFHPFN1,2051,1.0
REGION1,PTBMSTPN1,2051,1.0
REGION1,PTGOCVPN1,2051,1.0
REGION1,PTHFCHPN1,2051,1.0
REGION1,PTHFSTPN1,2051,1.0
REGION1,PTHYDMPN1,2051,1.0
REGION1,PTHYDSPN1,2051,1.0
REGION1,PTNGCCPN1,2051,1.0
REGION1,PTNGCHPN1,2051,1.0
REGION1,PTOCWVPN1,2051,1.0
REGION1,PTSOUTPN1,2051,0.0
REGION1,PTWIOFPN1,2051,1.0
REGION1,PTWIONPN1,2051,1.0
REGION1,PTWSCHPN1,2051,1.0
REGION1,PTWSSTPN1,2051,1.0
REGION1,PTCOSTPN1,2051,1.0
REGION1,PTBFCHPN1,2051,1.0
REGION1,PTRGCHPN1,2051,1.0
REGION1,PTDSCHPN1,2051,1.0
REGION1,PTDSELN1,2051,1.0
REGION1,PTBMCHPN1,2051,1.0
REGION1,PTHYDRPN1,2051,1.0
REGION1,PTNGCCSN1,2051,1.0
REGION1,PTBMCCSN1,2051,1.0
REGION1,PTBATTH1,2051,1.0
REGION1,ESELPTPH1,2051,1.0
REGION1,PTNGESPI0,2051,1.0
REGION1,PTBACKSTOP,2052,1.0
REGION1,PTBFHPFH1,2052,1.0
REGION1,PTBMSTPH1,2052,1.0
REGION1,PTGOCVPH1,2052,1.0
REGION1,PTHFCHPH1,2052,1.0
REGION1,PTHFSTPH1,2052,1.0
REGION1,PTHYDMPH1,2052,1.0
REGION1,PTHYDSPH1,2052,1.0
REGION1,PTNGCCPH1,2052,1.0
REGION1,PTNGCHPH1,2052,1.0
REGION1,PTOCWVPH1,2052,1.0
REGION1,PTSOUTPH1,2052,0.0
REGION1,PTWIOFPH1,2052,1.0
REGION1,PTWIONPH1,2052,1.0
REGION1,PTWSCHPH1,2052,1.0
REGION1,PTWSSTPH1,2052,1.0
REGION1,PTCOSTPH1,2052,1.0
REGION1,PTBFCHPH1,2052,1.0
REGION1,PTRGCHPH1,2052,1.0
REGION1,PTDSCHPH1,2052,1.0
REGION1,PTDSELH1,2052,1.0
REGION1,PTBMCHPH1,2052,1.0
REGION1,PTHYDRPH1,2052,1.0
REGION1,PTBFHPFN1,2052,1.0
REGION1,PTBMSTPN1,2052,1.0
REGION1,PTGOCVPN1,2052,1.0
REGION1,PTHFCHPN1,2052,1.0
REGION1,PTHFSTPN1,2052,1.0
REGION1,PTHYDMPN1,2052,1.0
REGION1,PTHYDSPN1,2052,1.0
REGION1,PTNGCCPN1,2052,1.0
REGION1,PTNGCHPN1,2052,1.0
REGION1,PTOCWVPN1,2052,1.0
REGION1,PTSOUTPN1,2052,0.0
REGION1,PTWIOFPN1,2052,1.0
REGION1,PTWIONPN1,2052,1.0
REGION1,PTWSCHPN1,2052,1.0
REGION1,PTWSSTPN1,2052,1.0
REGION1,PTCOSTPN1,2052,1.0
REGION1,PTBFCHPN1,2052,1.0
REGION1,PTRGCHPN1,2052,1.0
REGION1,PTDSCHPN1,2052,1.0
REGION1,PTDSELN1,2052,1.0
REGION1,PTBMCHPN1,2052,1.0
REGION1,PTHYDRPN1,2052,1.0
REGION1,PTNGCCSN1,2052,1.0
REGION1,PTBMCCSN1,2052,1.0
REGION1,PTBATTH1,2052,1.0
REGION1,ESELPTPH1,2052,1.0
REGION1,PTNGESPI0,2052,1.0
REGION1,PTBACKSTOP,2053,1.0
REGION1,PTBFHPFH1,2053,1.0
REGION1,PTBMSTPH1,2053,1.0
REGION1,PTGOCVPH1,2053,1.0
REGION1,PTHFCHPH1,2053,1.0
REGION1,PTHFSTPH1,2053,1.0
REGION1,PTHYDMPH1,2053,1.0
REGION1,PTHYDSPH1,2053,1.0
REGION1,PTNGCCPH1,2053,1.0
REGION1,PTNGCHPH1,2053,1.0
REGION1,PTOCWVPH1,2053,1.0
REGION1,PTSOUTPH1,2053,0.0
REGION1,PTWIOFPH1,2053,1.0
REGION1,PTWIONPH1,2053,1.0
REGION1,PTWSCHPH1,2053,1.0
REGION1,PTWSSTPH1,2053,1.0
REGION1,PTCOSTPH1,2053,1.0
REGION1,PTBFCHPH1,2053,1.0
REGION1,PTRGCHPH1,2053,1.0
REGION1,PTDSCHPH1,2053,1.0
REGION1,PTDSELH1,2053,1.0
REGION1,PTBMCHPH1,2053,1.0
REGION1,PTHYDRPH1,2053,1.0
REGION1,PTBFHPFN1,2053,1.0
REGION1,PTBMSTPN1,2053,1.0
REGION1,PTGOCVPN1,2053,1.0
REGION1,PTHFCHPN1,2053,1.0
REGION1,PTHFSTPN1,2053,1.0
REGION1,PTHYDMPN1,2053,1.0
REGION1,PTHYDSPN1,2053,1.0
REGION1,PTNGCCPN1,2053,1.0
REGION1,PTNGCHPN1,2053,1.0
REGION1,PTOCWVPN1,2053,1.0
REGION1,PTSOUTPN1,2053,0.0
REGION1,PTWIOFPN1,2053,1.0
REGION1,PTWIONPN1,2053,1.0
REGION1,PTWSCHPN1,2053,1.0
REGION1,PTWSSTPN1,2053,1.0
REGION1,PTCOSTPN1,2053,1.0
REGION1,PTBFCHPN1,2053,1.0
REGION1,PTRGCHPN1,2053,1.0
REGION1,PTDSCHPN1,2053,1.0
REGION1,PTDSELN1,2053,1.0
REGION1,PTBMCHPN1,2053,1.0
REGION1,PTHYDRPN1,2053,1.0
REGION1,PTNGCCSN1,2053,1.0
REGION1,PTBMCCSN1,2053,1.0
REGION1,PTBATTH1,2053,1.0
REGION1,ESELPTPH1,2053,1.0
REGION1,PTNGESPI0,2053,1.0
REGION1,PTBACKSTOP,2054,1.0
REGION1,PTBFHPFH1,2054,1.0
REGION1,PTBMSTPH1,2054,1.0
REGION1,PTGOCVPH1,2054,1.0
REGION1,PTHFCHPH1,2054,1.0
REGION1,PTHFSTPH1,2054,1.0
REGION1,PTHYDMPH1,2054,1.0
REGION1,PTHYDSPH1,2054,1.0
REGION1,PTNGCCPH1,2054,1.0
REGION1,PTNGCHPH1,2054,1.0
REGION1,PTOCWVPH1,2054,1.0
REGION1,PTSOUTPH1,2054,0.0
REGION1,PTWIOFPH1,2054,1.0
REGION1,PTWIONPH1,2054,1.0
REGION1,PTWSCHPH1,2054,1.0
REGION1,PTWSSTPH1,2054,1.0
REGION1,PTCOSTPH1,2054,1.0
REGION1,PTBFCHPH1,2054,1.0
REGION1,PTRGCHPH1,2054,1.0
REGION1,PTDSCHPH1,2054,1.0
REGION1,PTDSELH1,2054,1.0
REGION1,PTBMCHPH1,2054,1.0
REGION1,PTHYDRPH1,2054,1.0
REGION1,PTBFHPFN1,2054,1.0
REGION1,PTBMSTPN1,2054,1.0
REGION1,PTGOCVPN1,2054,1.0
REGION1,PTHFCHPN1,2054,1.0
REGION1,PTHFSTPN1,2054,1.0
REGION1,PTHYDMPN1,2054,1.0
REGION1,PTHYDSPN1,2054,1.0
REGION1,PTNGCCPN1,2054,1.0
REGION1,PTNGCHPN1,2054,1.0
REGION1,PTOCWVPN1,2054,1.0
REGION1,PTSOUTPN1,2054,0.0
REGION1,PTWIOFPN1,2054,1.0
REGION1,PTWIONPN1,2054,1.0
REGION1,PTWSCHPN1,2054,1.0
REGION1,PTWSSTPN1,2054,1.0
REGION1,PTCOSTPN1,2054,1.0
REGION1,PTBFCHPN1,2054,1.0
REGION1,PTRGCHPN1,2054,1.0
REGION1,PTDSCHPN1,2054,1.0
REGION1,PTDSELN1,2054,1.0
REGION1,PTBMCHPN1,2054,1.0
REGION1,PTHYDRPN1,2054,1.0
REGION1,PTNGCCSN1,2054,1.0
REGION1,PTBMCCSN1,2054,1.0
REGION1,PTBATTH1,2054,1.0
REGION1,ESELPTPH1,2054,1.0
REGION1,PTNGESPI0,2054,1.0
REGION1,PTBACKSTOP,2055,1.0
REGION1,PTBFHPFH1,2055,1.0
REGION1,PTBMSTPH1,2055,1.0
REGION1,PTGOCVPH1,2055,1.0
REGION1,PTHFCHPH1,2055,1.0
REGION1,PTHFSTPH1,2055,1.0
REGION1,PTHYDMPH1,2055,1.0
REGION1,PTHYDSPH1,2055,1.0
REGION1,PTNGCCPH1,2055,1.0
REGION1,PTNGCHPH1,2055,1.0
REGION1,PTOCWVPH1,2055,1.0
REGION1,PTSOUTPH1,2055,0.0
REGION1,PTWIOFPH1,2055,1.0
REGION1,PTWIONPH1,2055,1.0
REGION1,PTWSCHPH1,2055,1.0
REGION1,PTWSSTPH1,2055,1.0
REGION1,PTCOSTPH1,2055,1.0
REGION1,PTBFCHPH1,2055,1.0
REGION1,PTRGCHPH1,2055,1.0
REGION1,PTDSCHPH1,2055,1.0
REGION1,PTDSELH1,2055,1.0
REGION1,PTBMCHPH1,2055,1.0
REGION1,PTHYDRPH1,2055,1.0
REGION1,PTBFHPFN1,2055,1.0
REGION1,PTBMSTPN1,2055,1.0
REGION1,PTGOCVPN1,2055,1.0
REGION1,PTHFCHPN1,2055,1.0
REGION1,PTHFSTPN1,2055,1.0
REGION1,PTHYDMPN1,2055,1.0
REGION1,PTHYDSPN1,2055,1.0
REGION1,PTNGCCPN1,2055,1.0
REGION1,PTNGCHPN1,2055,1.0
REGION1,PTOCWVPN1,2055,1.0
REGION1,PTSOUTPN1,2055,0.0
REGION1,PTWIOFPN1,2055,1.0
REGION1,PTWIONPN1,2055,1.0
REGION1,PTWSCHPN1,2055,1.0
REGION1,PTWSSTPN1,2055,1.0
REGION1,PTCOSTPN1,2055,1.0
REGION1,PTBFCHPN1,2055,1.0
REGION1,PTRGCHPN1,2055,1.0
REGION1,PTDSCHPN1,2055,1.0
REGION1,PTDSELN1,2055,1.0
REGION1,PTBMCHPN1,2055,1.0
REGION1,PTHYDRPN1,2055,1.0
REGION1,PTNGCCSN1,2055,1.0
REGION1,PTBMCCSN1,2055,1.0
REGION1,PTBATTH1,2055,1.0
REGION1,ESELPTPH1,2055,1.0
REGION1,PTNGESPI0,2055,1.0
