REGION,STORAGE,YEAR,VALUE
REGION1,ATHYDSSH1,2021,0.172786176
REGION1,BEHYDSSH1,2021,0.03757824
REGION1,BGHYDSSH1,2021,0.0369216
REGION1,CZHYDSSH1,2021,0.033043968
REGION1,DEHYDSSH1,2021,0.192259008
REGION1,GRHYDSSH1,2021,0.0201312
REGION1,ESHYDSSH1,2021,0.181071936
REGION1,FRHYDSSH1,2021,0.1704355199999997
REGION1,HRHYDSSH1,2021,0.00846144
REGION1,IEHYDSSH1,2021,0.0084096
REGION1,ITHYDSSH1,2021,0.2184566399999997
REGION1,LTHYDSSH1,2021,0.02592
REGION1,LUHYDSSH1,2021,0.034776
REGION1,SLHYDSSH1,2021,0.051332256
REGION1,STHYDSSH1,2021,0.07291008
REGION1,ROHYDSSH1,2021,0.0057168
REGION1,SEHYDSSH1,2021,0.0026496
REGION1,SIHYDSSH1,2021,0.0051264
REGION1,SKHYDSSH1,2021,0.0264096
REGION1,CHHYDSSH1,2021,0.0161856
REGION1,UKHYDSSH1,2021,0.07488
REGION1,ATBATSH1,2021,5.112e-05
REGION1,BEBATSH1,2021,7.2e-05
REGION1,BGBATSH1,2021,0.0
REGION1,CHBATSH1,2021,0.0
REGION1,CYBATSH1,2021,0.0
REGION1,CZBATSH1,2021,0.0
REGION1,DEBATSH1,2021,0.0
REGION1,DKBATSH1,2021,0.0
REGION1,EEBATSH1,2021,0.0
REGION1,GRBATSH1,2021,0.0013996404
REGION1,ESBATSH1,2021,0.0
REGION1,FIBATSH1,2021,0.0
REGION1,FRBATSH1,2021,0.0
REGION1,HRBATSH1,2021,0.000590184
REGION1,HUBATSH1,2021,0.0
REGION1,IEBATSH1,2021,0.0
REGION1,ITBATSH1,2021,0.0
REGION1,LTBATSH1,2021,0.0
REGION1,LUBATSH1,2021,0.0
REGION1,LVBATSH1,2021,0.0
REGION1,MTBATSH1,2021,0.0
REGION1,NLBATSH1,2021,0.0
REGION1,NOBATSH1,2021,0.0
REGION1,PLBATSH1,2021,0.0
REGION1,PTBATSH1,2021,0.0
REGION1,ROBATSH1,2021,0.0
REGION1,SEBATSH1,2021,0.0
REGION1,SIBATSH1,2021,0.0
REGION1,SKBATSH1,2021,0.0
REGION1,UKBATSH1,2021,0.002124
REGION1,ATHYDSSN1,2021,0.0
REGION1,BEHYDSSN1,2021,0.0
REGION1,BGHYDSSN1,2021,0.0
REGION1,CZHYDSSN1,2021,0.0
REGION1,DEHYDSSN1,2021,0.0
REGION1,GRHYDSSN1,2021,0.0
REGION1,ESHYDSSN1,2021,0.0
REGION1,FRHYDSSN1,2021,0.0
REGION1,HRHYDSSN1,2021,0.0
REGION1,IEHYDSSN1,2021,0.0
REGION1,ITHYDSSN1,2021,0.0
REGION1,LTHYDSSN1,2021,0.0
REGION1,LUHYDSSN1,2021,0.0
REGION1,SLHYDSSN1,2021,0.0
REGION1,STHYDSSN1,2021,0.0
REGION1,ROHYDSSN1,2021,0.0
REGION1,SEHYDSSN1,2021,0.0
REGION1,SIHYDSSN1,2021,0.0
REGION1,SKHYDSSN1,2021,0.0
REGION1,CHHYDSSN1,2021,0.0
REGION1,UKHYDSSN1,2021,0.0
REGION1,MAHYDSSH1,2021,0.0133632
REGION1,ZAHYDSSH1,2021,0.0786816
REGION1,ATHYDSSH1,2022,0.172786176
REGION1,BEHYDSSH1,2022,0.03757824
REGION1,BGHYDSSH1,2022,0.0369216
REGION1,CZHYDSSH1,2022,0.033043968
REGION1,DEHYDSSH1,2022,0.192259008
REGION1,GRHYDSSH1,2022,0.0201312
REGION1,ESHYDSSH1,2022,0.1810666190769229
REGION1,FRHYDSSH1,2022,0.1704355199999997
REGION1,HRHYDSSH1,2022,0.00846144
REGION1,IEHYDSSH1,2022,0.0084096
REGION1,ITHYDSSH1,2022,0.2184566399999997
REGION1,LTHYDSSH1,2022,0.02592
REGION1,LUHYDSSH1,2022,0.034776
REGION1,SLHYDSSH1,2022,0.051332256
REGION1,STHYDSSH1,2022,0.07291008
REGION1,ROHYDSSH1,2022,0.0057168
REGION1,SEHYDSSH1,2022,0.0026496
REGION1,SIHYDSSH1,2022,0.0051264
REGION1,SKHYDSSH1,2022,0.0264096
REGION1,CHHYDSSH1,2022,0.01585167391016715
REGION1,UKHYDSSH1,2022,0.07433977186311783
REGION1,ATBATSH1,2022,4.9075199999999994e-05
REGION1,BEBATSH1,2022,6.912e-05
REGION1,BGBATSH1,2022,0.0
REGION1,CHBATSH1,2022,0.0
REGION1,CYBATSH1,2022,0.0
REGION1,CZBATSH1,2022,0.0
REGION1,DEBATSH1,2022,0.0
REGION1,DKBATSH1,2022,0.0
REGION1,EEBATSH1,2022,0.0
REGION1,GRBATSH1,2022,0.001343654784
REGION1,ESBATSH1,2022,0.0
REGION1,FIBATSH1,2022,0.0
REGION1,FRBATSH1,2022,0.0
REGION1,HRBATSH1,2022,0.00056657664
REGION1,HUBATSH1,2022,0.0
REGION1,IEBATSH1,2022,0.0
REGION1,ITBATSH1,2022,0.0
REGION1,LTBATSH1,2022,0.0
REGION1,LUBATSH1,2022,0.0
REGION1,LVBATSH1,2022,0.0
REGION1,MTBATSH1,2022,0.0
REGION1,NLBATSH1,2022,0.0
REGION1,NOBATSH1,2022,0.0
REGION1,PLBATSH1,2022,0.0
REGION1,PTBATSH1,2022,0.0
REGION1,ROBATSH1,2022,0.0
REGION1,SEBATSH1,2022,0.0
REGION1,SIBATSH1,2022,0.0
REGION1,SKBATSH1,2022,0.0
REGION1,UKBATSH1,2022,0.0020390399999999998
REGION1,ATHYDSSN1,2022,0.0
REGION1,BEHYDSSN1,2022,0.0
REGION1,BGHYDSSN1,2022,0.0
REGION1,CZHYDSSN1,2022,0.0
REGION1,DEHYDSSN1,2022,0.0
REGION1,GRHYDSSN1,2022,0.0
REGION1,ESHYDSSN1,2022,0.0
REGION1,FRHYDSSN1,2022,0.0
REGION1,HRHYDSSN1,2022,0.0
REGION1,IEHYDSSN1,2022,0.0
REGION1,ITHYDSSN1,2022,0.0
REGION1,LTHYDSSN1,2022,0.0
REGION1,LUHYDSSN1,2022,0.0
REGION1,SLHYDSSN1,2022,0.0
REGION1,STHYDSSN1,2022,0.0
REGION1,ROHYDSSN1,2022,0.0
REGION1,SEHYDSSN1,2022,0.0
REGION1,SIHYDSSN1,2022,0.0
REGION1,SKHYDSSN1,2022,0.0
REGION1,CHHYDSSN1,2022,0.0
REGION1,UKHYDSSN1,2022,0.0
REGION1,MAHYDSSH1,2022,0.0133632
REGION1,ZAHYDSSH1,2022,0.0786816
REGION1,ATHYDSSH1,2023,0.172786176
REGION1,BEHYDSSH1,2023,0.03757824
REGION1,BGHYDSSH1,2023,0.0369216
REGION1,CZHYDSSH1,2023,0.033043968
REGION1,DEHYDSSH1,2023,0.192259008
REGION1,GRHYDSSH1,2023,0.0201312
REGION1,ESHYDSSH1,2023,0.1810613021538459
REGION1,FRHYDSSH1,2023,0.1704355199999997
REGION1,HRHYDSSH1,2023,0.00846144
REGION1,IEHYDSSH1,2023,0.0084096
REGION1,ITHYDSSH1,2023,0.2184566399999997
REGION1,LTHYDSSH1,2023,0.02592
REGION1,LUHYDSSH1,2023,0.034776
REGION1,SLHYDSSH1,2023,0.051332256
REGION1,STHYDSSH1,2023,0.07291008
REGION1,ROHYDSSH1,2023,0.0057168
REGION1,SEHYDSSH1,2023,0.0026496
REGION1,SIHYDSSH1,2023,0.0051264
REGION1,SKHYDSSH1,2023,0.0264096
REGION1,CHHYDSSH1,2023,0.0155177478203343
REGION1,UKHYDSSH1,2023,0.07379954372623564
REGION1,ATBATSH1,2023,4.711219199999999e-05
REGION1,BEBATSH1,2023,6.63552e-05
REGION1,BGBATSH1,2023,0.0
REGION1,CHBATSH1,2023,0.0
REGION1,CYBATSH1,2023,0.0
REGION1,CZBATSH1,2023,0.0
REGION1,DEBATSH1,2023,0.0
REGION1,DKBATSH1,2023,0.0
REGION1,EEBATSH1,2023,0.0
REGION1,GRBATSH1,2023,0.00128990859264
REGION1,ESBATSH1,2023,0.0
REGION1,FIBATSH1,2023,0.0
REGION1,FRBATSH1,2023,0.0
REGION1,HRBATSH1,2023,0.0005439135743999999
REGION1,HUBATSH1,2023,0.0
REGION1,IEBATSH1,2023,0.0
REGION1,ITBATSH1,2023,0.0
REGION1,LTBATSH1,2023,0.0
REGION1,LUBATSH1,2023,0.0
REGION1,LVBATSH1,2023,0.0
REGION1,MTBATSH1,2023,0.0
REGION1,NLBATSH1,2023,0.0
REGION1,NOBATSH1,2023,0.0
REGION1,PLBATSH1,2023,0.0
REGION1,PTBATSH1,2023,0.0
REGION1,ROBATSH1,2023,0.0
REGION1,SEBATSH1,2023,0.0
REGION1,SIBATSH1,2023,0.0
REGION1,SKBATSH1,2023,0.0
REGION1,UKBATSH1,2023,0.0019574783999999996
REGION1,ATHYDSSN1,2023,0.0
REGION1,BEHYDSSN1,2023,0.0
REGION1,BGHYDSSN1,2023,0.0
REGION1,CZHYDSSN1,2023,0.0
REGION1,DEHYDSSN1,2023,0.0
REGION1,GRHYDSSN1,2023,0.0
REGION1,ESHYDSSN1,2023,0.0
REGION1,FRHYDSSN1,2023,0.0
REGION1,HRHYDSSN1,2023,0.0
REGION1,IEHYDSSN1,2023,0.0
REGION1,ITHYDSSN1,2023,0.0
REGION1,LTHYDSSN1,2023,0.0
REGION1,LUHYDSSN1,2023,0.0
REGION1,SLHYDSSN1,2023,0.0
REGION1,STHYDSSN1,2023,0.0
REGION1,ROHYDSSN1,2023,0.0
REGION1,SEHYDSSN1,2023,0.0
REGION1,SIHYDSSN1,2023,0.0
REGION1,SKHYDSSN1,2023,0.0
REGION1,CHHYDSSN1,2023,0.0
REGION1,UKHYDSSN1,2023,0.0
REGION1,MAHYDSSH1,2023,0.0133632
REGION1,ZAHYDSSH1,2023,0.0786816
REGION1,ATHYDSSH1,2024,0.172786176
REGION1,BEHYDSSH1,2024,0.03757824
REGION1,BGHYDSSH1,2024,0.0369216
REGION1,CZHYDSSH1,2024,0.033043968
REGION1,DEHYDSSH1,2024,0.192259008
REGION1,GRHYDSSH1,2024,0.0201312
REGION1,ESHYDSSH1,2024,0.1810559852307691
REGION1,FRHYDSSH1,2024,0.1704355199999997
REGION1,HRHYDSSH1,2024,0.00846144
REGION1,IEHYDSSH1,2024,0.0084096
REGION1,ITHYDSSH1,2024,0.2184566399999997
REGION1,LTHYDSSH1,2024,0.02592
REGION1,LUHYDSSH1,2024,0.034776
REGION1,SLHYDSSH1,2024,0.051332256
REGION1,STHYDSSH1,2024,0.07291008
REGION1,ROHYDSSH1,2024,0.0057168
REGION1,SEHYDSSH1,2024,0.0026496
REGION1,SIHYDSSH1,2024,0.0051264
REGION1,SKHYDSSH1,2024,0.0264096
REGION1,CHHYDSSH1,2024,0.01518382173050145
REGION1,UKHYDSSH1,2024,0.07325931558935347
REGION1,ATBATSH1,2024,4.522770431999999e-05
REGION1,BEBATSH1,2024,6.3700992e-05
REGION1,BGBATSH1,2024,0.0
REGION1,CHBATSH1,2024,0.0
REGION1,CYBATSH1,2024,0.0
REGION1,CZBATSH1,2024,0.0
REGION1,DEBATSH1,2024,0.0
REGION1,DKBATSH1,2024,0.0
REGION1,EEBATSH1,2024,0.0
REGION1,GRBATSH1,2024,0.0012383122489343999
REGION1,ESBATSH1,2024,0.0
REGION1,FIBATSH1,2024,0.0
REGION1,FRBATSH1,2024,0.0
REGION1,HRBATSH1,2024,0.0005221570314239999
REGION1,HUBATSH1,2024,0.0
REGION1,IEBATSH1,2024,0.0
REGION1,ITBATSH1,2024,0.0
REGION1,LTBATSH1,2024,0.0
REGION1,LUBATSH1,2024,0.0
REGION1,LVBATSH1,2024,0.0
REGION1,MTBATSH1,2024,0.0
REGION1,NLBATSH1,2024,0.0
REGION1,NOBATSH1,2024,0.0
REGION1,PLBATSH1,2024,0.0
REGION1,PTBATSH1,2024,0.0
REGION1,ROBATSH1,2024,0.0
REGION1,SEBATSH1,2024,0.0
REGION1,SIBATSH1,2024,0.0
REGION1,SKBATSH1,2024,0.0
REGION1,UKBATSH1,2024,0.0018791792639999995
REGION1,ATHYDSSN1,2024,0.0
REGION1,BEHYDSSN1,2024,0.0
REGION1,BGHYDSSN1,2024,0.0
REGION1,CZHYDSSN1,2024,0.0
REGION1,DEHYDSSN1,2024,0.0
REGION1,GRHYDSSN1,2024,0.0
REGION1,ESHYDSSN1,2024,0.0
REGION1,FRHYDSSN1,2024,0.0
REGION1,HRHYDSSN1,2024,0.0
REGION1,IEHYDSSN1,2024,0.0
REGION1,ITHYDSSN1,2024,0.0
REGION1,LTHYDSSN1,2024,0.0
REGION1,LUHYDSSN1,2024,0.0
REGION1,SLHYDSSN1,2024,0.0
REGION1,STHYDSSN1,2024,0.0
REGION1,ROHYDSSN1,2024,0.0
REGION1,SEHYDSSN1,2024,0.0
REGION1,SIHYDSSN1,2024,0.0
REGION1,SKHYDSSN1,2024,0.0
REGION1,CHHYDSSN1,2024,0.0
REGION1,UKHYDSSN1,2024,0.0
REGION1,MAHYDSSH1,2024,0.0133632
REGION1,ZAHYDSSH1,2024,0.0786816
REGION1,ATHYDSSH1,2025,0.172786176
REGION1,BEHYDSSH1,2025,0.03757824
REGION1,BGHYDSSH1,2025,0.0369216
REGION1,CZHYDSSH1,2025,0.033043968
REGION1,DEHYDSSH1,2025,0.192259008
REGION1,GRHYDSSH1,2025,0.0201312
REGION1,ESHYDSSH1,2025,0.1810506683076921
REGION1,FRHYDSSH1,2025,0.1704355199999997
REGION1,HRHYDSSH1,2025,0.00846144
REGION1,IEHYDSSH1,2025,0.0084096
REGION1,ITHYDSSH1,2025,0.2184566399999997
REGION1,LTHYDSSH1,2025,0.02592
REGION1,LUHYDSSH1,2025,0.034776
REGION1,SLHYDSSH1,2025,0.051332256
REGION1,STHYDSSH1,2025,0.07291008
REGION1,ROHYDSSH1,2025,0.0057168
REGION1,SEHYDSSH1,2025,0.0026496
REGION1,SIHYDSSH1,2025,0.0051264
REGION1,SKHYDSSH1,2025,0.0264096
REGION1,CHHYDSSH1,2025,0.0148498956406686
REGION1,UKHYDSSH1,2025,0.0727190874524713
REGION1,ATBATSH1,2025,4.341859614719999e-05
REGION1,BEBATSH1,2025,6.115295232e-05
REGION1,BGBATSH1,2025,0.0
REGION1,CHBATSH1,2025,0.0
REGION1,CYBATSH1,2025,0.0
REGION1,CZBATSH1,2025,0.0
REGION1,DEBATSH1,2025,0.0
REGION1,DKBATSH1,2025,0.0
REGION1,EEBATSH1,2025,0.0
REGION1,GRBATSH1,2025,0.0011887797589770239
REGION1,ESBATSH1,2025,0.0
REGION1,FIBATSH1,2025,0.0
REGION1,FRBATSH1,2025,0.0
REGION1,HRBATSH1,2025,0.0005012707501670399
REGION1,HUBATSH1,2025,0.0
REGION1,IEBATSH1,2025,0.0
REGION1,ITBATSH1,2025,0.0
REGION1,LTBATSH1,2025,0.0
REGION1,LUBATSH1,2025,0.0
REGION1,LVBATSH1,2025,0.0
REGION1,MTBATSH1,2025,0.0
REGION1,NLBATSH1,2025,0.0
REGION1,NOBATSH1,2025,0.0
REGION1,PLBATSH1,2025,0.0
REGION1,PTBATSH1,2025,0.0
REGION1,ROBATSH1,2025,0.0
REGION1,SEBATSH1,2025,0.0
REGION1,SIBATSH1,2025,0.0
REGION1,SKBATSH1,2025,0.0
REGION1,UKBATSH1,2025,0.0018040120934399995
REGION1,ATHYDSSN1,2025,0.0
REGION1,BEHYDSSN1,2025,0.0
REGION1,BGHYDSSN1,2025,0.0
REGION1,CZHYDSSN1,2025,0.0
REGION1,DEHYDSSN1,2025,0.0
REGION1,GRHYDSSN1,2025,0.0
REGION1,ESHYDSSN1,2025,0.0
REGION1,FRHYDSSN1,2025,0.0
REGION1,HRHYDSSN1,2025,0.0
REGION1,IEHYDSSN1,2025,0.0
REGION1,ITHYDSSN1,2025,0.0
REGION1,LTHYDSSN1,2025,0.0
REGION1,LUHYDSSN1,2025,0.0
REGION1,SLHYDSSN1,2025,0.0
REGION1,STHYDSSN1,2025,0.0
REGION1,ROHYDSSN1,2025,0.0
REGION1,SEHYDSSN1,2025,0.0
REGION1,SIHYDSSN1,2025,0.0
REGION1,SKHYDSSN1,2025,0.0
REGION1,CHHYDSSN1,2025,0.0
REGION1,UKHYDSSN1,2025,0.0
REGION1,MAHYDSSH1,2025,0.0133632
REGION1,ZAHYDSSH1,2025,0.0786816
REGION1,ATHYDSSH1,2026,0.172786176
REGION1,BEHYDSSH1,2026,0.03757824
REGION1,BGHYDSSH1,2026,0.0369216
REGION1,CZHYDSSH1,2026,0.033043968
REGION1,DEHYDSSH1,2026,0.192259008
REGION1,GRHYDSSH1,2026,0.0201312
REGION1,ESHYDSSH1,2026,0.1810453513846153
REGION1,FRHYDSSH1,2026,0.1704355199999997
REGION1,HRHYDSSH1,2026,0.00846144
REGION1,IEHYDSSH1,2026,0.0084096
REGION1,ITHYDSSH1,2026,0.2184566399999997
REGION1,LTHYDSSH1,2026,0.02592
REGION1,LUHYDSSH1,2026,0.034776
REGION1,SLHYDSSH1,2026,0.051332256
REGION1,STHYDSSH1,2026,0.07291008
REGION1,ROHYDSSH1,2026,0.0057168
REGION1,SEHYDSSH1,2026,0.0026496
REGION1,SIHYDSSH1,2026,0.0051264
REGION1,SKHYDSSH1,2026,0.0264096
REGION1,CHHYDSSH1,2026,0.01451596955083574
REGION1,UKHYDSSH1,2026,0.07217885931558912
REGION1,ATBATSH1,2026,4.168185230131199e-05
REGION1,BEBATSH1,2026,5.87068342272e-05
REGION1,BGBATSH1,2026,0.0
REGION1,CHBATSH1,2026,0.0
REGION1,CYBATSH1,2026,0.0
REGION1,CZBATSH1,2026,0.0
REGION1,DEBATSH1,2026,0.0
REGION1,DKBATSH1,2026,0.0
REGION1,EEBATSH1,2026,0.0
REGION1,GRBATSH1,2026,0.0011412285686179429
REGION1,ESBATSH1,2026,0.0
REGION1,FIBATSH1,2026,0.0
REGION1,FRBATSH1,2026,0.0
REGION1,HRBATSH1,2026,0.00048121992016035824
REGION1,HUBATSH1,2026,0.0
REGION1,IEBATSH1,2026,0.0
REGION1,ITBATSH1,2026,0.0
REGION1,LTBATSH1,2026,0.0
REGION1,LUBATSH1,2026,0.0
REGION1,LVBATSH1,2026,0.0
REGION1,MTBATSH1,2026,0.0
REGION1,NLBATSH1,2026,0.0
REGION1,NOBATSH1,2026,0.0
REGION1,PLBATSH1,2026,0.0
REGION1,PTBATSH1,2026,0.0
REGION1,ROBATSH1,2026,0.0
REGION1,SEBATSH1,2026,0.0
REGION1,SIBATSH1,2026,0.0
REGION1,SKBATSH1,2026,0.0
REGION1,UKBATSH1,2026,0.0017318516097023994
REGION1,ATHYDSSN1,2026,0.0
REGION1,BEHYDSSN1,2026,0.0
REGION1,BGHYDSSN1,2026,0.0
REGION1,CZHYDSSN1,2026,0.0
REGION1,DEHYDSSN1,2026,0.0
REGION1,GRHYDSSN1,2026,0.018
REGION1,ESHYDSSN1,2026,0.0
REGION1,FRHYDSSN1,2026,0.0
REGION1,HRHYDSSN1,2026,0.0
REGION1,IEHYDSSN1,2026,0.0
REGION1,ITHYDSSN1,2026,0.0
REGION1,LTHYDSSN1,2026,0.0
REGION1,LUHYDSSN1,2026,0.0
REGION1,SLHYDSSN1,2026,0.0
REGION1,STHYDSSN1,2026,0.0
REGION1,ROHYDSSN1,2026,0.0
REGION1,SEHYDSSN1,2026,0.0
REGION1,SIHYDSSN1,2026,0.0
REGION1,SKHYDSSN1,2026,0.0
REGION1,CHHYDSSN1,2026,0.0
REGION1,UKHYDSSN1,2026,0.0
REGION1,MAHYDSSH1,2026,0.0133632
REGION1,ZAHYDSSH1,2026,0.0786816
REGION1,ATHYDSSH1,2027,0.172786176
REGION1,BEHYDSSH1,2027,0.03757824
REGION1,BGHYDSSH1,2027,0.0369216
REGION1,CZHYDSSH1,2027,0.033043968
REGION1,DEHYDSSH1,2027,0.192259008
REGION1,GRHYDSSH1,2027,0.0201312
REGION1,ESHYDSSH1,2027,0.1810400344615382
REGION1,FRHYDSSH1,2027,0.1704355199999997
REGION1,HRHYDSSH1,2027,0.00846144
REGION1,IEHYDSSH1,2027,0.0084096
REGION1,ITHYDSSH1,2027,0.2184566399999997
REGION1,LTHYDSSH1,2027,0.02592
REGION1,LUHYDSSH1,2027,0.034776
REGION1,SLHYDSSH1,2027,0.051332256
REGION1,STHYDSSH1,2027,0.07291008
REGION1,ROHYDSSH1,2027,0.0057168
REGION1,SEHYDSSH1,2027,0.0026496
REGION1,SIHYDSSH1,2027,0.0051264
REGION1,SKHYDSSH1,2027,0.0264096
REGION1,CHHYDSSH1,2027,0.01418204346100289
REGION1,UKHYDSSH1,2027,0.07163863117870722
REGION1,ATBATSH1,2027,4.0014578209259504e-05
REGION1,BEBATSH1,2027,5.635856085811199e-05
REGION1,BGBATSH1,2027,0.0
REGION1,CHBATSH1,2027,0.0
REGION1,CYBATSH1,2027,0.0
REGION1,CZBATSH1,2027,0.0
REGION1,DEBATSH1,2027,0.0
REGION1,DKBATSH1,2027,0.0
REGION1,EEBATSH1,2027,0.0
REGION1,GRBATSH1,2027,0.001095579425873225
REGION1,ESBATSH1,2027,0.0
REGION1,FIBATSH1,2027,0.0
REGION1,FRBATSH1,2027,0.0
REGION1,HRBATSH1,2027,0.0004619711233539439
REGION1,HUBATSH1,2027,0.0
REGION1,IEBATSH1,2027,0.0
REGION1,ITBATSH1,2027,0.0
REGION1,LTBATSH1,2027,0.0
REGION1,LUBATSH1,2027,0.0
REGION1,LVBATSH1,2027,0.0
REGION1,MTBATSH1,2027,0.0
REGION1,NLBATSH1,2027,0.0
REGION1,NOBATSH1,2027,0.0
REGION1,PLBATSH1,2027,0.0
REGION1,PTBATSH1,2027,0.0
REGION1,ROBATSH1,2027,0.0
REGION1,SEBATSH1,2027,0.0
REGION1,SIBATSH1,2027,0.0
REGION1,SKBATSH1,2027,0.0
REGION1,UKBATSH1,2027,0.0016625775453143034
REGION1,ATHYDSSN1,2027,0.0
REGION1,BEHYDSSN1,2027,0.0
REGION1,BGHYDSSN1,2027,0.0
REGION1,CZHYDSSN1,2027,0.0
REGION1,DEHYDSSN1,2027,0.0
REGION1,GRHYDSSN1,2027,0.021599999999999998
REGION1,ESHYDSSN1,2027,0.0144
REGION1,FRHYDSSN1,2027,0.0
REGION1,HRHYDSSN1,2027,0.0
REGION1,IEHYDSSN1,2027,0.0
REGION1,ITHYDSSN1,2027,0.0
REGION1,LTHYDSSN1,2027,0.0
REGION1,LUHYDSSN1,2027,0.0
REGION1,SLHYDSSN1,2027,0.0
REGION1,STHYDSSN1,2027,0.0
REGION1,ROHYDSSN1,2027,0.0
REGION1,SEHYDSSN1,2027,0.0
REGION1,SIHYDSSN1,2027,0.0
REGION1,SKHYDSSN1,2027,0.0
REGION1,CHHYDSSN1,2027,0.0
REGION1,UKHYDSSN1,2027,0.0
REGION1,MAHYDSSH1,2027,0.0133632
REGION1,ZAHYDSSH1,2027,0.0786816
REGION1,ATHYDSSH1,2028,0.172786176
REGION1,BEHYDSSH1,2028,0.03757824
REGION1,BGHYDSSH1,2028,0.0369216
REGION1,CZHYDSSH1,2028,0.033043968
REGION1,DEHYDSSH1,2028,0.192259008
REGION1,GRHYDSSH1,2028,0.0201312
REGION1,ESHYDSSH1,2028,0.1810347175384615
REGION1,FRHYDSSH1,2028,0.1704355199999997
REGION1,HRHYDSSH1,2028,0.00846144
REGION1,IEHYDSSH1,2028,0.0084096
REGION1,ITHYDSSH1,2028,0.2184566399999997
REGION1,LTHYDSSH1,2028,0.02592
REGION1,LUHYDSSH1,2028,0.034776
REGION1,SLHYDSSH1,2028,0.051332256
REGION1,STHYDSSH1,2028,0.07291008
REGION1,ROHYDSSH1,2028,0.0057168
REGION1,SEHYDSSH1,2028,0.0026496
REGION1,SIHYDSSH1,2028,0.0051264
REGION1,SKHYDSSH1,2028,0.0264096
REGION1,CHHYDSSH1,2028,0.01384811737117007
REGION1,UKHYDSSH1,2028,0.07109840304182506
REGION1,ATBATSH1,2028,3.841399508088912e-05
REGION1,BEBATSH1,2028,5.410421842378751e-05
REGION1,BGBATSH1,2028,0.0
REGION1,CHBATSH1,2028,0.0
REGION1,CYBATSH1,2028,0.0
REGION1,CZBATSH1,2028,0.0
REGION1,DEBATSH1,2028,0.0
REGION1,DKBATSH1,2028,0.0
REGION1,EEBATSH1,2028,0.0
REGION1,GRBATSH1,2028,0.0010517562488382962
REGION1,ESBATSH1,2028,0.0
REGION1,FIBATSH1,2028,0.0
REGION1,FRBATSH1,2028,0.0
REGION1,HRBATSH1,2028,0.0004434922784197861
REGION1,HUBATSH1,2028,0.0
REGION1,IEBATSH1,2028,0.0
REGION1,ITBATSH1,2028,0.0
REGION1,LTBATSH1,2028,0.0
REGION1,LUBATSH1,2028,0.0
REGION1,LVBATSH1,2028,0.0
REGION1,MTBATSH1,2028,0.0
REGION1,NLBATSH1,2028,0.0
REGION1,NOBATSH1,2028,0.0
REGION1,PLBATSH1,2028,0.0
REGION1,PTBATSH1,2028,0.0
REGION1,ROBATSH1,2028,0.0
REGION1,SEBATSH1,2028,0.0
REGION1,SIBATSH1,2028,0.0
REGION1,SKBATSH1,2028,0.0
REGION1,UKBATSH1,2028,0.0015960744435017313
REGION1,ATHYDSSN1,2028,0.0
REGION1,BEHYDSSN1,2028,0.0
REGION1,BGHYDSSN1,2028,0.0
REGION1,CZHYDSSN1,2028,0.0
REGION1,DEHYDSSN1,2028,0.0
REGION1,GRHYDSSN1,2028,0.021599999999999998
REGION1,ESHYDSSN1,2028,0.0324
REGION1,FRHYDSSN1,2028,0.0
REGION1,HRHYDSSN1,2028,0.0
REGION1,IEHYDSSN1,2028,0.0
REGION1,ITHYDSSN1,2028,0.0
REGION1,LTHYDSSN1,2028,0.0
REGION1,LUHYDSSN1,2028,0.0
REGION1,SLHYDSSN1,2028,0.0
REGION1,STHYDSSN1,2028,0.0
REGION1,ROHYDSSN1,2028,0.0
REGION1,SEHYDSSN1,2028,0.0
REGION1,SIHYDSSN1,2028,0.0
REGION1,SKHYDSSN1,2028,0.0
REGION1,CHHYDSSN1,2028,0.0
REGION1,UKHYDSSN1,2028,0.0
REGION1,MAHYDSSH1,2028,0.0133632
REGION1,ZAHYDSSH1,2028,0.0786816
REGION1,ATHYDSSH1,2029,0.172786176
REGION1,BEHYDSSH1,2029,0.03757824
REGION1,BGHYDSSH1,2029,0.0369216
REGION1,CZHYDSSH1,2029,0.033043968
REGION1,DEHYDSSH1,2029,0.192259008
REGION1,GRHYDSSH1,2029,0.0201312
REGION1,ESHYDSSH1,2029,0.1810294006153844
REGION1,FRHYDSSH1,2029,0.1704355199999997
REGION1,HRHYDSSH1,2029,0.00846144
REGION1,IEHYDSSH1,2029,0.0084096
REGION1,ITHYDSSH1,2029,0.2184566399999997
REGION1,LTHYDSSH1,2029,0.02592
REGION1,LUHYDSSH1,2029,0.034776
REGION1,SLHYDSSH1,2029,0.051332256
REGION1,STHYDSSH1,2029,0.07291008
REGION1,ROHYDSSH1,2029,0.0057168
REGION1,SEHYDSSH1,2029,0.0026496
REGION1,SIHYDSSH1,2029,0.0051264
REGION1,SKHYDSSH1,2029,0.0264096
REGION1,CHHYDSSH1,2029,0.01351419128133722
REGION1,UKHYDSSH1,2029,0.07055817490494287
REGION1,ATBATSH1,2029,3.6877435277653554e-05
REGION1,BEBATSH1,2029,5.1940049686836006e-05
REGION1,BGBATSH1,2029,0.0
REGION1,CHBATSH1,2029,0.0
REGION1,CYBATSH1,2029,0.0
REGION1,CZBATSH1,2029,0.0
REGION1,DEBATSH1,2029,0.0
REGION1,DKBATSH1,2029,0.0
REGION1,EEBATSH1,2029,0.0
REGION1,GRBATSH1,2029,0.0010096859988847644
REGION1,ESBATSH1,2029,0.0
REGION1,FIBATSH1,2029,0.0
REGION1,FRBATSH1,2029,0.0
REGION1,HRBATSH1,2029,0.00042575258728299464
REGION1,HUBATSH1,2029,0.0
REGION1,IEBATSH1,2029,0.0
REGION1,ITBATSH1,2029,0.0
REGION1,LTBATSH1,2029,0.0
REGION1,LUBATSH1,2029,0.0
REGION1,LVBATSH1,2029,0.0
REGION1,MTBATSH1,2029,0.0
REGION1,NLBATSH1,2029,0.0
REGION1,NOBATSH1,2029,0.0
REGION1,PLBATSH1,2029,0.0
REGION1,PTBATSH1,2029,0.0
REGION1,ROBATSH1,2029,0.0
REGION1,SEBATSH1,2029,0.0
REGION1,SIBATSH1,2029,0.0
REGION1,SKBATSH1,2029,0.0
REGION1,UKBATSH1,2029,0.0015322314657616619
REGION1,ATHYDSSN1,2029,0.0
REGION1,BEHYDSSN1,2029,0.0
REGION1,BGHYDSSN1,2029,0.0
REGION1,CZHYDSSN1,2029,0.0
REGION1,DEHYDSSN1,2029,0.0972
REGION1,GRHYDSSN1,2029,0.021599999999999998
REGION1,ESHYDSSN1,2029,0.0324
REGION1,FRHYDSSN1,2029,0.0
REGION1,HRHYDSSN1,2029,0.0
REGION1,IEHYDSSN1,2029,0.0
REGION1,ITHYDSSN1,2029,0.006876
REGION1,LTHYDSSN1,2029,0.0
REGION1,LUHYDSSN1,2029,0.0
REGION1,SLHYDSSN1,2029,0.0
REGION1,STHYDSSN1,2029,0.0
REGION1,ROHYDSSN1,2029,0.0
REGION1,SEHYDSSN1,2029,0.0
REGION1,SIHYDSSN1,2029,0.0
REGION1,SKHYDSSN1,2029,0.0
REGION1,CHHYDSSN1,2029,0.0
REGION1,UKHYDSSN1,2029,0.0
REGION1,MAHYDSSH1,2029,0.0133632
REGION1,ZAHYDSSH1,2029,0.0786816
REGION1,ATHYDSSH1,2030,0.172786176
REGION1,BEHYDSSH1,2030,0.03757824
REGION1,BGHYDSSH1,2030,0.0369216
REGION1,CZHYDSSH1,2030,0.033043968
REGION1,DEHYDSSH1,2030,0.192259008
REGION1,GRHYDSSH1,2030,0.0201312
REGION1,ESHYDSSH1,2030,0.1810240836923076
REGION1,FRHYDSSH1,2030,0.1704355199999997
REGION1,HRHYDSSH1,2030,0.00846144
REGION1,IEHYDSSH1,2030,0.0084096
REGION1,ITHYDSSH1,2030,0.2184566399999997
REGION1,LTHYDSSH1,2030,0.02592
REGION1,LUHYDSSH1,2030,0.034776
REGION1,SLHYDSSH1,2030,0.051332256
REGION1,STHYDSSH1,2030,0.07291008
REGION1,ROHYDSSH1,2030,0.0057168
REGION1,SEHYDSSH1,2030,0.0026496
REGION1,SIHYDSSH1,2030,0.0051264
REGION1,SKHYDSSH1,2030,0.0264096
REGION1,CHHYDSSH1,2030,0.01318026519150437
REGION1,UKHYDSSH1,2030,0.0700179467680607
REGION1,ATBATSH1,2030,3.5402337866547413e-05
REGION1,BEBATSH1,2030,4.9862447699362566e-05
REGION1,BGBATSH1,2030,0.0
REGION1,CHBATSH1,2030,0.0
REGION1,CYBATSH1,2030,0.0
REGION1,CZBATSH1,2030,0.0
REGION1,DEBATSH1,2030,0.0
REGION1,DKBATSH1,2030,0.0
REGION1,EEBATSH1,2030,0.0
REGION1,GRBATSH1,2030,0.0009692985589293738
REGION1,ESBATSH1,2030,0.0
REGION1,FIBATSH1,2030,0.0
REGION1,FRBATSH1,2030,0.0
REGION1,HRBATSH1,2030,0.00040872248379167483
REGION1,HUBATSH1,2030,0.0
REGION1,IEBATSH1,2030,0.0
REGION1,ITBATSH1,2030,0.0
REGION1,LTBATSH1,2030,0.0
REGION1,LUBATSH1,2030,0.0
REGION1,LVBATSH1,2030,0.0
REGION1,MTBATSH1,2030,0.0
REGION1,NLBATSH1,2030,0.0
REGION1,NOBATSH1,2030,0.0
REGION1,PLBATSH1,2030,0.0
REGION1,PTBATSH1,2030,0.0
REGION1,ROBATSH1,2030,0.0
REGION1,SEBATSH1,2030,0.0
REGION1,SIBATSH1,2030,0.0
REGION1,SKBATSH1,2030,0.0
REGION1,UKBATSH1,2030,0.0014709422071311953
REGION1,ATHYDSSN1,2030,0.0
REGION1,BEHYDSSN1,2030,0.0
REGION1,BGHYDSSN1,2030,0.36
REGION1,CZHYDSSN1,2030,0.0
REGION1,DEHYDSSN1,2030,0.1224
REGION1,GRHYDSSN1,2030,0.021599999999999998
REGION1,ESHYDSSN1,2030,0.3312
REGION1,FRHYDSSN1,2030,0.0
REGION1,HRHYDSSN1,2030,0.0
REGION1,IEHYDSSN1,2030,0.0072
REGION1,ITHYDSSN1,2030,0.016884
REGION1,LTHYDSSN1,2030,0.0
REGION1,LUHYDSSN1,2030,0.0
REGION1,SLHYDSSN1,2030,0.0
REGION1,STHYDSSN1,2030,0.0
REGION1,ROHYDSSN1,2030,0.0
REGION1,SEHYDSSN1,2030,0.0
REGION1,SIHYDSSN1,2030,0.018
REGION1,SKHYDSSN1,2030,0.0144
REGION1,CHHYDSSN1,2030,0.0
REGION1,UKHYDSSN1,2030,0.0
REGION1,MAHYDSSH1,2030,0.0133632
REGION1,ZAHYDSSH1,2030,0.0786816
REGION1,ATHYDSSH1,2031,0.172786176
REGION1,BEHYDSSH1,2031,0.03757824
REGION1,BGHYDSSH1,2031,0.0369216
REGION1,CZHYDSSH1,2031,0.033043968
REGION1,DEHYDSSH1,2031,0.192259008
REGION1,GRHYDSSH1,2031,0.0201312
REGION1,ESHYDSSH1,2031,0.1810187667692306
REGION1,FRHYDSSH1,2031,0.1704355199999997
REGION1,HRHYDSSH1,2031,0.00846144
REGION1,IEHYDSSH1,2031,0.0084096
REGION1,ITHYDSSH1,2031,0.2184566399999997
REGION1,LTHYDSSH1,2031,0.02592
REGION1,LUHYDSSH1,2031,0.034776
REGION1,SLHYDSSH1,2031,0.051332256
REGION1,STHYDSSH1,2031,0.07291008
REGION1,ROHYDSSH1,2031,0.0057168
REGION1,SEHYDSSH1,2031,0.0026496
REGION1,SIHYDSSH1,2031,0.0051264
REGION1,SKHYDSSH1,2031,0.0264096
REGION1,CHHYDSSH1,2031,0.01284633910167152
REGION1,UKHYDSSH1,2031,0.06947771863117853
REGION1,ATBATSH1,2031,3.398624435188552e-05
REGION1,BEBATSH1,2031,4.786794979138806e-05
REGION1,BGBATSH1,2031,0.0
REGION1,CHBATSH1,2031,0.0
REGION1,CYBATSH1,2031,0.0
REGION1,CZBATSH1,2031,0.0
REGION1,DEBATSH1,2031,0.0
REGION1,DKBATSH1,2031,0.0
REGION1,EEBATSH1,2031,0.0
REGION1,GRBATSH1,2031,0.0009305266165721988
REGION1,ESBATSH1,2031,0.0
REGION1,FIBATSH1,2031,0.0
REGION1,FRBATSH1,2031,0.0
REGION1,HRBATSH1,2031,0.00039237358444000784
REGION1,HUBATSH1,2031,0.0
REGION1,IEBATSH1,2031,0.0
REGION1,ITBATSH1,2031,0.0
REGION1,LTBATSH1,2031,0.0
REGION1,LUBATSH1,2031,0.0
REGION1,LVBATSH1,2031,0.0
REGION1,MTBATSH1,2031,0.0
REGION1,NLBATSH1,2031,0.0
REGION1,NOBATSH1,2031,0.0
REGION1,PLBATSH1,2031,0.0
REGION1,PTBATSH1,2031,0.0
REGION1,ROBATSH1,2031,0.0
REGION1,SEBATSH1,2031,0.0
REGION1,SIBATSH1,2031,0.0
REGION1,SKBATSH1,2031,0.0
REGION1,UKBATSH1,2031,0.0014121045188459475
REGION1,ATHYDSSN1,2031,0.0
REGION1,BEHYDSSN1,2031,0.0
REGION1,BGHYDSSN1,2031,0.36
REGION1,CZHYDSSN1,2031,0.0
REGION1,DEHYDSSN1,2031,0.1224
REGION1,GRHYDSSN1,2031,0.0576
REGION1,ESHYDSSN1,2031,0.3312
REGION1,FRHYDSSN1,2031,0.0
REGION1,HRHYDSSN1,2031,0.0
REGION1,IEHYDSSN1,2031,0.0072
REGION1,ITHYDSSN1,2031,0.027828
REGION1,LTHYDSSN1,2031,0.0
REGION1,LUHYDSSN1,2031,0.0
REGION1,SLHYDSSN1,2031,0.0
REGION1,STHYDSSN1,2031,0.0
REGION1,ROHYDSSN1,2031,0.0
REGION1,SEHYDSSN1,2031,0.0
REGION1,SIHYDSSN1,2031,0.018
REGION1,SKHYDSSN1,2031,0.0144
REGION1,CHHYDSSN1,2031,0.0
REGION1,UKHYDSSN1,2031,0.0
REGION1,MAHYDSSH1,2031,0.0133632
REGION1,ZAHYDSSH1,2031,0.0786816
REGION1,ATHYDSSH1,2032,0.172786176
REGION1,BEHYDSSH1,2032,0.03757824
REGION1,BGHYDSSH1,2032,0.0369216
REGION1,CZHYDSSH1,2032,0.033043968
REGION1,DEHYDSSH1,2032,0.192259008
REGION1,GRHYDSSH1,2032,0.0201312
REGION1,ESHYDSSH1,2032,0.1810134498461538
REGION1,FRHYDSSH1,2032,0.1704355199999997
REGION1,HRHYDSSH1,2032,0.00846144
REGION1,IEHYDSSH1,2032,0.0084096
REGION1,ITHYDSSH1,2032,0.2184566399999997
REGION1,LTHYDSSH1,2032,0.02592
REGION1,LUHYDSSH1,2032,0.034776
REGION1,SLHYDSSH1,2032,0.051332256
REGION1,STHYDSSH1,2032,0.07291008
REGION1,ROHYDSSH1,2032,0.0057168
REGION1,SEHYDSSH1,2032,0.0026496
REGION1,SIHYDSSH1,2032,0.0051264
REGION1,SKHYDSSH1,2032,0.0264096
REGION1,CHHYDSSH1,2032,0.01251241301183867
REGION1,UKHYDSSH1,2032,0.06893749049429634
REGION1,ATBATSH1,2032,3.262679457781009e-05
REGION1,BEBATSH1,2032,4.595323179973254e-05
REGION1,BGBATSH1,2032,0.0
REGION1,CHBATSH1,2032,0.0
REGION1,CYBATSH1,2032,0.0
REGION1,CZBATSH1,2032,0.0
REGION1,DEBATSH1,2032,0.0
REGION1,DKBATSH1,2032,0.0
REGION1,EEBATSH1,2032,0.0
REGION1,GRBATSH1,2032,0.0008933055519093108
REGION1,ESBATSH1,2032,0.0
REGION1,FIBATSH1,2032,0.0
REGION1,FRBATSH1,2032,0.0
REGION1,HRBATSH1,2032,0.0003766786410624075
REGION1,HUBATSH1,2032,0.0
REGION1,IEBATSH1,2032,0.0
REGION1,ITBATSH1,2032,0.0
REGION1,LTBATSH1,2032,0.0
REGION1,LUBATSH1,2032,0.0
REGION1,LVBATSH1,2032,0.0
REGION1,MTBATSH1,2032,0.0
REGION1,NLBATSH1,2032,0.0
REGION1,NOBATSH1,2032,0.0
REGION1,PLBATSH1,2032,0.0
REGION1,PTBATSH1,2032,0.0
REGION1,ROBATSH1,2032,0.0
REGION1,SEBATSH1,2032,0.0
REGION1,SIBATSH1,2032,0.0
REGION1,SKBATSH1,2032,0.0
REGION1,UKBATSH1,2032,0.0013556203380921095
REGION1,ATHYDSSN1,2032,0.0
REGION1,BEHYDSSN1,2032,0.0
REGION1,BGHYDSSN1,2032,0.4104
REGION1,CZHYDSSN1,2032,0.0
REGION1,DEHYDSSN1,2032,0.1224
REGION1,GRHYDSSN1,2032,0.0576
REGION1,ESHYDSSN1,2032,0.3312
REGION1,FRHYDSSN1,2032,0.0
REGION1,HRHYDSSN1,2032,0.0
REGION1,IEHYDSSN1,2032,0.0072
REGION1,ITHYDSSN1,2032,0.033875999999999996
REGION1,LTHYDSSN1,2032,0.0
REGION1,LUHYDSSN1,2032,0.0
REGION1,SLHYDSSN1,2032,0.0
REGION1,STHYDSSN1,2032,0.0
REGION1,ROHYDSSN1,2032,0.0
REGION1,SEHYDSSN1,2032,0.0
REGION1,SIHYDSSN1,2032,0.018
REGION1,SKHYDSSN1,2032,0.0144
REGION1,CHHYDSSN1,2032,0.0
REGION1,UKHYDSSN1,2032,0.0
REGION1,MAHYDSSH1,2032,0.0133632
REGION1,ZAHYDSSH1,2032,0.0786816
REGION1,ATHYDSSH1,2033,0.172786176
REGION1,BEHYDSSH1,2033,0.03757824
REGION1,BGHYDSSH1,2033,0.0369216
REGION1,CZHYDSSH1,2033,0.033043968
REGION1,DEHYDSSH1,2033,0.192259008
REGION1,GRHYDSSH1,2033,0.0201312
REGION1,ESHYDSSH1,2033,0.1810081329230767
REGION1,FRHYDSSH1,2033,0.1704355199999997
REGION1,HRHYDSSH1,2033,0.00846144
REGION1,IEHYDSSH1,2033,0.0084096
REGION1,ITHYDSSH1,2033,0.2184566399999997
REGION1,LTHYDSSH1,2033,0.02592
REGION1,LUHYDSSH1,2033,0.034776
REGION1,SLHYDSSH1,2033,0.051332256
REGION1,STHYDSSH1,2033,0.07291008
REGION1,ROHYDSSH1,2033,0.0057168
REGION1,SEHYDSSH1,2033,0.0026496
REGION1,SIHYDSSH1,2033,0.0051264
REGION1,SKHYDSSH1,2033,0.0264096
REGION1,CHHYDSSH1,2033,0.01217848692200581
REGION1,UKHYDSSH1,2033,0.06839726235741417
REGION1,ATBATSH1,2033,3.132172279469769e-05
REGION1,BEBATSH1,2033,4.411510252774323e-05
REGION1,BGBATSH1,2033,0.0
REGION1,CHBATSH1,2033,0.0
REGION1,CYBATSH1,2033,0.0
REGION1,CZBATSH1,2033,0.0
REGION1,DEBATSH1,2033,0.0
REGION1,DKBATSH1,2033,0.0
REGION1,EEBATSH1,2033,0.0
REGION1,GRBATSH1,2033,0.0008575733298329383
REGION1,ESBATSH1,2033,0.0
REGION1,FIBATSH1,2033,0.0
REGION1,FRBATSH1,2033,0.0
REGION1,HRBATSH1,2033,0.00036161149541991117
REGION1,HUBATSH1,2033,0.0
REGION1,IEBATSH1,2033,0.0
REGION1,ITBATSH1,2033,0.0
REGION1,LTBATSH1,2033,0.0
REGION1,LUBATSH1,2033,0.0
REGION1,LVBATSH1,2033,0.0
REGION1,MTBATSH1,2033,0.0
REGION1,NLBATSH1,2033,0.0
REGION1,NOBATSH1,2033,0.0
REGION1,PLBATSH1,2033,0.0
REGION1,PTBATSH1,2033,0.0
REGION1,ROBATSH1,2033,0.0
REGION1,SEBATSH1,2033,0.0
REGION1,SIBATSH1,2033,0.0
REGION1,SKBATSH1,2033,0.0
REGION1,UKBATSH1,2033,0.001301395524568425
REGION1,ATHYDSSN1,2033,0.0
REGION1,BEHYDSSN1,2033,0.0
REGION1,BGHYDSSN1,2033,0.4104
REGION1,CZHYDSSN1,2033,0.0
REGION1,DEHYDSSN1,2033,0.1224
REGION1,GRHYDSSN1,2033,0.0576
REGION1,ESHYDSSN1,2033,0.5256
REGION1,FRHYDSSN1,2033,0.0
REGION1,HRHYDSSN1,2033,0.0
REGION1,IEHYDSSN1,2033,0.0072
REGION1,ITHYDSSN1,2033,0.033875999999999996
REGION1,LTHYDSSN1,2033,0.0
REGION1,LUHYDSSN1,2033,0.0
REGION1,SLHYDSSN1,2033,0.0
REGION1,STHYDSSN1,2033,0.0
REGION1,ROHYDSSN1,2033,0.0
REGION1,SEHYDSSN1,2033,0.0
REGION1,SIHYDSSN1,2033,0.018
REGION1,SKHYDSSN1,2033,0.0144
REGION1,CHHYDSSN1,2033,0.0
REGION1,UKHYDSSN1,2033,0.0
REGION1,MAHYDSSH1,2033,0.0133632
REGION1,ZAHYDSSH1,2033,0.0786816
REGION1,ATHYDSSH1,2034,0.172786176
REGION1,BEHYDSSH1,2034,0.03757824
REGION1,BGHYDSSH1,2034,0.0369216
REGION1,CZHYDSSH1,2034,0.033043968
REGION1,DEHYDSSH1,2034,0.192259008
REGION1,GRHYDSSH1,2034,0.0201312
REGION1,ESHYDSSH1,2034,0.1810028159999997
REGION1,FRHYDSSH1,2034,0.1704355199999997
REGION1,HRHYDSSH1,2034,0.00846144
REGION1,IEHYDSSH1,2034,0.0084096
REGION1,ITHYDSSH1,2034,0.2184566399999997
REGION1,LTHYDSSH1,2034,0.02592
REGION1,LUHYDSSH1,2034,0.034776
REGION1,SLHYDSSH1,2034,0.051332256
REGION1,STHYDSSH1,2034,0.07291008
REGION1,ROHYDSSH1,2034,0.0057168
REGION1,SEHYDSSH1,2034,0.0026496
REGION1,SIHYDSSH1,2034,0.0051264
REGION1,SKHYDSSH1,2034,0.0264096
REGION1,CHHYDSSH1,2034,0.01184456083217296
REGION1,UKHYDSSH1,2034,0.06785703422053228
REGION1,ATBATSH1,2034,3.006885388290978e-05
REGION1,BEBATSH1,2034,4.23504984266335e-05
REGION1,BGBATSH1,2034,0.0
REGION1,CHBATSH1,2034,0.0
REGION1,CYBATSH1,2034,0.0
REGION1,CZBATSH1,2034,0.0
REGION1,DEBATSH1,2034,0.0
REGION1,DKBATSH1,2034,0.0
REGION1,EEBATSH1,2034,0.0
REGION1,GRBATSH1,2034,0.0008232703966396207
REGION1,ESBATSH1,2034,0.0
REGION1,FIBATSH1,2034,0.0
REGION1,FRBATSH1,2034,0.0
REGION1,HRBATSH1,2034,0.0003471470356031147
REGION1,HUBATSH1,2034,0.0
REGION1,IEBATSH1,2034,0.0
REGION1,ITBATSH1,2034,0.0
REGION1,LTBATSH1,2034,0.0
REGION1,LUBATSH1,2034,0.0
REGION1,LVBATSH1,2034,0.0
REGION1,MTBATSH1,2034,0.0
REGION1,NLBATSH1,2034,0.0
REGION1,NOBATSH1,2034,0.0
REGION1,PLBATSH1,2034,0.0
REGION1,PTBATSH1,2034,0.0
REGION1,ROBATSH1,2034,0.0
REGION1,SEBATSH1,2034,0.0
REGION1,SIBATSH1,2034,0.0
REGION1,SKBATSH1,2034,0.0
REGION1,UKBATSH1,2034,0.0012493397035856881
REGION1,ATHYDSSN1,2034,0.0
REGION1,BEHYDSSN1,2034,0.0
REGION1,BGHYDSSN1,2034,0.4104
REGION1,CZHYDSSN1,2034,0.0
REGION1,DEHYDSSN1,2034,0.13319999999999999
REGION1,GRHYDSSN1,2034,0.0576
REGION1,ESHYDSSN1,2034,0.5256
REGION1,FRHYDSSN1,2034,0.0
REGION1,HRHYDSSN1,2034,0.0
REGION1,IEHYDSSN1,2034,0.0072
REGION1,ITHYDSSN1,2034,0.033875999999999996
REGION1,LTHYDSSN1,2034,0.0
REGION1,LUHYDSSN1,2034,0.0
REGION1,SLHYDSSN1,2034,0.0
REGION1,STHYDSSN1,2034,0.0
REGION1,ROHYDSSN1,2034,0.0
REGION1,SEHYDSSN1,2034,0.0
REGION1,SIHYDSSN1,2034,0.018
REGION1,SKHYDSSN1,2034,0.0144
REGION1,CHHYDSSN1,2034,0.0
REGION1,UKHYDSSN1,2034,0.0
REGION1,MAHYDSSH1,2034,0.0133632
REGION1,ZAHYDSSH1,2034,0.0786816
REGION1,ATHYDSSH1,2035,0.172786176
REGION1,BEHYDSSH1,2035,0.03757824
REGION1,BGHYDSSH1,2035,0.0369216
REGION1,CZHYDSSH1,2035,0.033043968
REGION1,DEHYDSSH1,2035,0.192259008
REGION1,GRHYDSSH1,2035,0.0201312
REGION1,ESHYDSSH1,2035,0.1809974990769229
REGION1,FRHYDSSH1,2035,0.1704355199999997
REGION1,HRHYDSSH1,2035,0.00846144
REGION1,IEHYDSSH1,2035,0.0084096
REGION1,ITHYDSSH1,2035,0.2184566399999997
REGION1,LTHYDSSH1,2035,0.02592
REGION1,LUHYDSSH1,2035,0.034776
REGION1,SLHYDSSH1,2035,0.051332256
REGION1,STHYDSSH1,2035,0.07291008
REGION1,ROHYDSSH1,2035,0.0057168
REGION1,SEHYDSSH1,2035,0.0026496
REGION1,SIHYDSSH1,2035,0.0051264
REGION1,SKHYDSSH1,2035,0.0264096
REGION1,CHHYDSSH1,2035,0.01151063474234014
REGION1,UKHYDSSH1,2035,0.06731680608365012
REGION1,ATBATSH1,2035,2.886609972759339e-05
REGION1,BEBATSH1,2035,4.065647848956816e-05
REGION1,BGBATSH1,2035,0.0
REGION1,CHBATSH1,2035,0.0
REGION1,CYBATSH1,2035,0.0
REGION1,CZBATSH1,2035,0.0
REGION1,DEBATSH1,2035,0.0
REGION1,DKBATSH1,2035,0.0
REGION1,EEBATSH1,2035,0.0
REGION1,GRBATSH1,2035,0.0007903395807740359
REGION1,ESBATSH1,2035,0.0
REGION1,FIBATSH1,2035,0.0
REGION1,FRBATSH1,2035,0.0
REGION1,HRBATSH1,2035,0.0003332611541789901
REGION1,HUBATSH1,2035,0.0
REGION1,IEBATSH1,2035,0.0
REGION1,ITBATSH1,2035,0.0
REGION1,LTBATSH1,2035,0.0
REGION1,LUBATSH1,2035,0.0
REGION1,LVBATSH1,2035,0.0
REGION1,MTBATSH1,2035,0.0
REGION1,NLBATSH1,2035,0.0
REGION1,NOBATSH1,2035,0.0
REGION1,PLBATSH1,2035,0.0
REGION1,PTBATSH1,2035,0.0
REGION1,ROBATSH1,2035,0.0
REGION1,SEBATSH1,2035,0.0
REGION1,SIBATSH1,2035,0.0
REGION1,SKBATSH1,2035,0.0
REGION1,UKBATSH1,2035,0.0011993661154422605
REGION1,ATHYDSSN1,2035,0.2304
REGION1,BEHYDSSN1,2035,0.0
REGION1,BGHYDSSN1,2035,0.4104
REGION1,CZHYDSSN1,2035,0.0
REGION1,DEHYDSSN1,2035,0.13319999999999999
REGION1,GRHYDSSN1,2035,0.0576
REGION1,ESHYDSSN1,2035,0.5256
REGION1,FRHYDSSN1,2035,0.0
REGION1,HRHYDSSN1,2035,0.0
REGION1,IEHYDSSN1,2035,0.0072
REGION1,ITHYDSSN1,2035,0.033875999999999996
REGION1,LTHYDSSN1,2035,0.0
REGION1,LUHYDSSN1,2035,0.0
REGION1,SLHYDSSN1,2035,0.0
REGION1,STHYDSSN1,2035,0.0
REGION1,ROHYDSSN1,2035,0.0
REGION1,SEHYDSSN1,2035,0.0
REGION1,SIHYDSSN1,2035,0.018
REGION1,SKHYDSSN1,2035,0.0144
REGION1,CHHYDSSN1,2035,0.0
REGION1,UKHYDSSN1,2035,0.0
REGION1,MAHYDSSH1,2035,0.0133632
REGION1,ZAHYDSSH1,2035,0.0786816
REGION1,ATHYDSSH1,2036,0.172786176
REGION1,BEHYDSSH1,2036,0.03757824
REGION1,BGHYDSSH1,2036,0.0369216
REGION1,CZHYDSSH1,2036,0.033043968
REGION1,DEHYDSSH1,2036,0.192259008
REGION1,GRHYDSSH1,2036,0.0201312
REGION1,ESHYDSSH1,2036,0.1809921821538459
REGION1,FRHYDSSH1,2036,0.1704355199999997
REGION1,HRHYDSSH1,2036,0.00846144
REGION1,IEHYDSSH1,2036,0.0084096
REGION1,ITHYDSSH1,2036,0.2184566399999997
REGION1,LTHYDSSH1,2036,0.02592
REGION1,LUHYDSSH1,2036,0.034776
REGION1,SLHYDSSH1,2036,0.051332256
REGION1,STHYDSSH1,2036,0.07291008
REGION1,ROHYDSSH1,2036,0.0057168
REGION1,SEHYDSSH1,2036,0.0026496
REGION1,SIHYDSSH1,2036,0.0051264
REGION1,SKHYDSSH1,2036,0.0264096
REGION1,CHHYDSSH1,2036,0.01117670865250729
REGION1,UKHYDSSH1,2036,0.06677657794676793
REGION1,ATBATSH1,2036,2.7711455738489654e-05
REGION1,BEBATSH1,2036,3.903021934998544e-05
REGION1,BGBATSH1,2036,0.0
REGION1,CHBATSH1,2036,0.0
REGION1,CYBATSH1,2036,0.0
REGION1,CZBATSH1,2036,0.0
REGION1,DEBATSH1,2036,0.0
REGION1,DKBATSH1,2036,0.0
REGION1,EEBATSH1,2036,0.0
REGION1,GRBATSH1,2036,0.0007587259975430744
REGION1,ESBATSH1,2036,0.0
REGION1,FIBATSH1,2036,0.0
REGION1,FRBATSH1,2036,0.0
REGION1,HRBATSH1,2036,0.0003199307080118305
REGION1,HUBATSH1,2036,0.0
REGION1,IEBATSH1,2036,0.0
REGION1,ITBATSH1,2036,0.0
REGION1,LTBATSH1,2036,0.0
REGION1,LUBATSH1,2036,0.0
REGION1,LVBATSH1,2036,0.0
REGION1,MTBATSH1,2036,0.0
REGION1,NLBATSH1,2036,0.0
REGION1,NOBATSH1,2036,0.0
REGION1,PLBATSH1,2036,0.0
REGION1,PTBATSH1,2036,0.0
REGION1,ROBATSH1,2036,0.0
REGION1,SEBATSH1,2036,0.0
REGION1,SIBATSH1,2036,0.0
REGION1,SKBATSH1,2036,0.0
REGION1,UKBATSH1,2036,0.00115139147082457
REGION1,ATHYDSSN1,2036,0.2304
REGION1,BEHYDSSN1,2036,0.0
REGION1,BGHYDSSN1,2036,0.4104
REGION1,CZHYDSSN1,2036,0.0
REGION1,DEHYDSSN1,2036,0.13319999999999999
REGION1,GRHYDSSN1,2036,0.0576
REGION1,ESHYDSSN1,2036,0.5256
REGION1,FRHYDSSN1,2036,0.0
REGION1,HRHYDSSN1,2036,0.0
REGION1,IEHYDSSN1,2036,0.0072
REGION1,ITHYDSSN1,2036,0.033875999999999996
REGION1,LTHYDSSN1,2036,0.0
REGION1,LUHYDSSN1,2036,0.0
REGION1,SLHYDSSN1,2036,0.0
REGION1,STHYDSSN1,2036,0.0
REGION1,ROHYDSSN1,2036,0.0
REGION1,SEHYDSSN1,2036,0.0
REGION1,SIHYDSSN1,2036,0.018
REGION1,SKHYDSSN1,2036,0.0144
REGION1,CHHYDSSN1,2036,0.0
REGION1,UKHYDSSN1,2036,0.0
REGION1,MAHYDSSH1,2036,0.0133632
REGION1,ZAHYDSSH1,2036,0.0786816
REGION1,ATHYDSSH1,2037,0.172786176
REGION1,BEHYDSSH1,2037,0.03757824
REGION1,BGHYDSSH1,2037,0.0369216
REGION1,CZHYDSSH1,2037,0.033043968
REGION1,DEHYDSSH1,2037,0.192259008
REGION1,GRHYDSSH1,2037,0.0201312
REGION1,ESHYDSSH1,2037,0.1809868652307691
REGION1,FRHYDSSH1,2037,0.1704355199999997
REGION1,HRHYDSSH1,2037,0.00846144
REGION1,IEHYDSSH1,2037,0.0084096
REGION1,ITHYDSSH1,2037,0.2184566399999997
REGION1,LTHYDSSH1,2037,0.02592
REGION1,LUHYDSSH1,2037,0.034776
REGION1,SLHYDSSH1,2037,0.051332256
REGION1,STHYDSSH1,2037,0.07291008
REGION1,ROHYDSSH1,2037,0.0057168
REGION1,SEHYDSSH1,2037,0.0026496
REGION1,SIHYDSSH1,2037,0.0051264
REGION1,SKHYDSSH1,2037,0.0264096
REGION1,CHHYDSSH1,2037,0.01084278256267444
REGION1,UKHYDSSH1,2037,0.06623634980988576
REGION1,ATBATSH1,2037,2.6602997508950068e-05
REGION1,BEBATSH1,2037,3.746901057598602e-05
REGION1,BGBATSH1,2037,0.0
REGION1,CHBATSH1,2037,0.0
REGION1,CYBATSH1,2037,0.0
REGION1,CZBATSH1,2037,0.0
REGION1,DEBATSH1,2037,0.0
REGION1,DKBATSH1,2037,0.0
REGION1,EEBATSH1,2037,0.0
REGION1,GRBATSH1,2037,0.0007283769576413514
REGION1,ESBATSH1,2037,0.0
REGION1,FIBATSH1,2037,0.0
REGION1,FRBATSH1,2037,0.0
REGION1,HRBATSH1,2037,0.00030713347969135723
REGION1,HUBATSH1,2037,0.0
REGION1,IEBATSH1,2037,0.0
REGION1,ITBATSH1,2037,0.0
REGION1,LTBATSH1,2037,0.0
REGION1,LUBATSH1,2037,0.0
REGION1,LVBATSH1,2037,0.0
REGION1,MTBATSH1,2037,0.0
REGION1,NLBATSH1,2037,0.0
REGION1,NOBATSH1,2037,0.0
REGION1,PLBATSH1,2037,0.0
REGION1,PTBATSH1,2037,0.0
REGION1,ROBATSH1,2037,0.0
REGION1,SEBATSH1,2037,0.0
REGION1,SIBATSH1,2037,0.0
REGION1,SKBATSH1,2037,0.0
REGION1,UKBATSH1,2037,0.001105335811991587
REGION1,ATHYDSSN1,2037,0.2304
REGION1,BEHYDSSN1,2037,0.0
REGION1,BGHYDSSN1,2037,0.4104
REGION1,CZHYDSSN1,2037,0.0
REGION1,DEHYDSSN1,2037,0.13319999999999999
REGION1,GRHYDSSN1,2037,0.0576
REGION1,ESHYDSSN1,2037,0.5256
REGION1,FRHYDSSN1,2037,0.0
REGION1,HRHYDSSN1,2037,0.0
REGION1,IEHYDSSN1,2037,0.0072
REGION1,ITHYDSSN1,2037,0.033875999999999996
REGION1,LTHYDSSN1,2037,0.0
REGION1,LUHYDSSN1,2037,0.0
REGION1,SLHYDSSN1,2037,0.0
REGION1,STHYDSSN1,2037,0.0
REGION1,ROHYDSSN1,2037,0.0
REGION1,SEHYDSSN1,2037,0.0
REGION1,SIHYDSSN1,2037,0.018
REGION1,SKHYDSSN1,2037,0.0144
REGION1,CHHYDSSN1,2037,0.0
REGION1,UKHYDSSN1,2037,0.0
REGION1,MAHYDSSH1,2037,0.0133632
REGION1,ZAHYDSSH1,2037,0.0786816
REGION1,ATHYDSSH1,2038,0.172786176
REGION1,BEHYDSSH1,2038,0.03757824
REGION1,BGHYDSSH1,2038,0.0369216
REGION1,CZHYDSSH1,2038,0.033043968
REGION1,DEHYDSSH1,2038,0.192259008
REGION1,GRHYDSSH1,2038,0.0201312
REGION1,ESHYDSSH1,2038,0.1809815483076921
REGION1,FRHYDSSH1,2038,0.1704355199999997
REGION1,HRHYDSSH1,2038,0.00846144
REGION1,IEHYDSSH1,2038,0.0084096
REGION1,ITHYDSSH1,2038,0.2184566399999997
REGION1,LTHYDSSH1,2038,0.02592
REGION1,LUHYDSSH1,2038,0.034776
REGION1,SLHYDSSH1,2038,0.051332256
REGION1,STHYDSSH1,2038,0.07291008
REGION1,ROHYDSSH1,2038,0.0057168
REGION1,SEHYDSSH1,2038,0.0026496
REGION1,SIHYDSSH1,2038,0.0051264
REGION1,SKHYDSSH1,2038,0.0264096
REGION1,CHHYDSSH1,2038,0.01050885647284159
REGION1,UKHYDSSH1,2038,0.0656961216730036
REGION1,ATBATSH1,2038,2.5538877608592065e-05
REGION1,BEBATSH1,2038,3.597025015294658e-05
REGION1,BGBATSH1,2038,0.0
REGION1,CHBATSH1,2038,0.0
REGION1,CYBATSH1,2038,0.0
REGION1,CZBATSH1,2038,0.0
REGION1,DEBATSH1,2038,0.0
REGION1,DKBATSH1,2038,0.0
REGION1,EEBATSH1,2038,0.0
REGION1,GRBATSH1,2038,0.0006992418793356973
REGION1,ESBATSH1,2038,0.0
REGION1,FIBATSH1,2038,0.0
REGION1,FRBATSH1,2038,0.0
REGION1,HRBATSH1,2038,0.0002948481405037029
REGION1,HUBATSH1,2038,0.0
REGION1,IEBATSH1,2038,0.0
REGION1,ITBATSH1,2038,0.0
REGION1,LTBATSH1,2038,0.0
REGION1,LUBATSH1,2038,0.0
REGION1,LVBATSH1,2038,0.0
REGION1,MTBATSH1,2038,0.0
REGION1,NLBATSH1,2038,0.0
REGION1,NOBATSH1,2038,0.0
REGION1,PLBATSH1,2038,0.0
REGION1,PTBATSH1,2038,0.0
REGION1,ROBATSH1,2038,0.0
REGION1,SEBATSH1,2038,0.0
REGION1,SIBATSH1,2038,0.0
REGION1,SKBATSH1,2038,0.0
REGION1,UKBATSH1,2038,0.0010611223795119235
REGION1,ATHYDSSN1,2038,0.2304
REGION1,BEHYDSSN1,2038,0.0
REGION1,BGHYDSSN1,2038,0.4104
REGION1,CZHYDSSN1,2038,0.0
REGION1,DEHYDSSN1,2038,0.13319999999999999
REGION1,GRHYDSSN1,2038,0.0576
REGION1,ESHYDSSN1,2038,0.5256
REGION1,FRHYDSSN1,2038,0.0
REGION1,HRHYDSSN1,2038,0.0
REGION1,IEHYDSSN1,2038,0.0072
REGION1,ITHYDSSN1,2038,0.033875999999999996
REGION1,LTHYDSSN1,2038,0.0
REGION1,LUHYDSSN1,2038,0.0
REGION1,SLHYDSSN1,2038,0.0
REGION1,STHYDSSN1,2038,0.0
REGION1,ROHYDSSN1,2038,0.0
REGION1,SEHYDSSN1,2038,0.0
REGION1,SIHYDSSN1,2038,0.018
REGION1,SKHYDSSN1,2038,0.0144
REGION1,CHHYDSSN1,2038,0.0
REGION1,UKHYDSSN1,2038,0.0
REGION1,MAHYDSSH1,2038,0.0133632
REGION1,ZAHYDSSH1,2038,0.0786816
REGION1,ATHYDSSH1,2039,0.172786176
REGION1,BEHYDSSH1,2039,0.03757824
REGION1,BGHYDSSH1,2039,0.0369216
REGION1,CZHYDSSH1,2039,0.033043968
REGION1,DEHYDSSH1,2039,0.192259008
REGION1,GRHYDSSH1,2039,0.0201312
REGION1,ESHYDSSH1,2039,0.1809762313846153
REGION1,FRHYDSSH1,2039,0.1704355199999997
REGION1,HRHYDSSH1,2039,0.00846144
REGION1,IEHYDSSH1,2039,0.0084096
REGION1,ITHYDSSH1,2039,0.2184566399999997
REGION1,LTHYDSSH1,2039,0.02592
REGION1,LUHYDSSH1,2039,0.034776
REGION1,SLHYDSSH1,2039,0.051332256
REGION1,STHYDSSH1,2039,0.07291008
REGION1,ROHYDSSH1,2039,0.0057168
REGION1,SEHYDSSH1,2039,0.0026496
REGION1,SIHYDSSH1,2039,0.0051264
REGION1,SKHYDSSH1,2039,0.0264096
REGION1,CHHYDSSH1,2039,0.01017493038300873
REGION1,UKHYDSSH1,2039,0.0651558935361214
REGION1,ATBATSH1,2039,2.4517322504248383e-05
REGION1,BEBATSH1,2039,3.453144014682871e-05
REGION1,BGBATSH1,2039,0.0
REGION1,CHBATSH1,2039,0.0
REGION1,CYBATSH1,2039,0.0
REGION1,CZBATSH1,2039,0.0
REGION1,DEBATSH1,2039,0.0
REGION1,DKBATSH1,2039,0.0
REGION1,EEBATSH1,2039,0.0
REGION1,GRBATSH1,2039,0.0006712722041622694
REGION1,ESBATSH1,2039,0.0
REGION1,FIBATSH1,2039,0.0
REGION1,FRBATSH1,2039,0.0
REGION1,HRBATSH1,2039,0.0002830542148835548
REGION1,HUBATSH1,2039,0.0
REGION1,IEBATSH1,2039,0.0
REGION1,ITBATSH1,2039,0.0
REGION1,LTBATSH1,2039,0.0
REGION1,LUBATSH1,2039,0.0
REGION1,LVBATSH1,2039,0.0
REGION1,MTBATSH1,2039,0.0
REGION1,NLBATSH1,2039,0.0
REGION1,NOBATSH1,2039,0.0
REGION1,PLBATSH1,2039,0.0
REGION1,PTBATSH1,2039,0.0
REGION1,ROBATSH1,2039,0.0
REGION1,SEBATSH1,2039,0.0
REGION1,SIBATSH1,2039,0.0
REGION1,SKBATSH1,2039,0.0
REGION1,UKBATSH1,2039,0.0010186774843314464
REGION1,ATHYDSSN1,2039,0.2304
REGION1,BEHYDSSN1,2039,0.0
REGION1,BGHYDSSN1,2039,0.4104
REGION1,CZHYDSSN1,2039,0.0
REGION1,DEHYDSSN1,2039,0.13319999999999999
REGION1,GRHYDSSN1,2039,0.0576
REGION1,ESHYDSSN1,2039,0.5256
REGION1,FRHYDSSN1,2039,0.0
REGION1,HRHYDSSN1,2039,0.0
REGION1,IEHYDSSN1,2039,0.0072
REGION1,ITHYDSSN1,2039,0.033875999999999996
REGION1,LTHYDSSN1,2039,0.0
REGION1,LUHYDSSN1,2039,0.0
REGION1,SLHYDSSN1,2039,0.0
REGION1,STHYDSSN1,2039,0.0
REGION1,ROHYDSSN1,2039,0.0
REGION1,SEHYDSSN1,2039,0.0
REGION1,SIHYDSSN1,2039,0.018
REGION1,SKHYDSSN1,2039,0.0144
REGION1,CHHYDSSN1,2039,0.0
REGION1,UKHYDSSN1,2039,0.0
REGION1,MAHYDSSH1,2039,0.0133632
REGION1,ZAHYDSSH1,2039,0.0786816
REGION1,ATHYDSSH1,2040,0.172786176
REGION1,BEHYDSSH1,2040,0.03757824
REGION1,BGHYDSSH1,2040,0.0369216
REGION1,CZHYDSSH1,2040,0.033043968
REGION1,DEHYDSSH1,2040,0.192259008
REGION1,GRHYDSSH1,2040,0.0201312
REGION1,ESHYDSSH1,2040,0.1809709144615382
REGION1,FRHYDSSH1,2040,0.1704355199999997
REGION1,HRHYDSSH1,2040,0.00846144
REGION1,IEHYDSSH1,2040,0.0084096
REGION1,ITHYDSSH1,2040,0.2184566399999997
REGION1,LTHYDSSH1,2040,0.02592
REGION1,LUHYDSSH1,2040,0.034776
REGION1,SLHYDSSH1,2040,0.051332256
REGION1,STHYDSSH1,2040,0.07291008
REGION1,ROHYDSSH1,2040,0.0057168
REGION1,SEHYDSSH1,2040,0.0026496
REGION1,SIHYDSSH1,2040,0.0051264
REGION1,SKHYDSSH1,2040,0.0264096
REGION1,CHHYDSSH1,2040,0.009841004293175885
REGION1,UKHYDSSH1,2040,0.06461566539923952
REGION1,ATBATSH1,2040,2.3536629604078447e-05
REGION1,BEBATSH1,2040,3.315018254095556e-05
REGION1,BGBATSH1,2040,0.0
REGION1,CHBATSH1,2040,0.0
REGION1,CYBATSH1,2040,0.0
REGION1,CZBATSH1,2040,0.0
REGION1,DEBATSH1,2040,0.0
REGION1,DKBATSH1,2040,0.0
REGION1,EEBATSH1,2040,0.0
REGION1,GRBATSH1,2040,0.0006444213159957786
REGION1,ESBATSH1,2040,0.0
REGION1,FIBATSH1,2040,0.0
REGION1,FRBATSH1,2040,0.0
REGION1,HRBATSH1,2040,0.0002717320462882126
REGION1,HUBATSH1,2040,0.0
REGION1,IEBATSH1,2040,0.0
REGION1,ITBATSH1,2040,0.0
REGION1,LTBATSH1,2040,0.0
REGION1,LUBATSH1,2040,0.0
REGION1,LVBATSH1,2040,0.0
REGION1,MTBATSH1,2040,0.0
REGION1,NLBATSH1,2040,0.0
REGION1,NOBATSH1,2040,0.0
REGION1,PLBATSH1,2040,0.0
REGION1,PTBATSH1,2040,0.0
REGION1,ROBATSH1,2040,0.0
REGION1,SEBATSH1,2040,0.0
REGION1,SIBATSH1,2040,0.0
REGION1,SKBATSH1,2040,0.0
REGION1,UKBATSH1,2040,0.0009779303849581885
REGION1,ATHYDSSN1,2040,0.2304
REGION1,BEHYDSSN1,2040,0.0
REGION1,BGHYDSSN1,2040,0.4104
REGION1,CZHYDSSN1,2040,0.0
REGION1,DEHYDSSN1,2040,0.13319999999999999
REGION1,GRHYDSSN1,2040,0.0576
REGION1,ESHYDSSN1,2040,0.5256
REGION1,FRHYDSSN1,2040,0.0
REGION1,HRHYDSSN1,2040,0.0
REGION1,IEHYDSSN1,2040,0.0072
REGION1,ITHYDSSN1,2040,0.033875999999999996
REGION1,LTHYDSSN1,2040,0.0
REGION1,LUHYDSSN1,2040,0.0
REGION1,SLHYDSSN1,2040,0.0
REGION1,STHYDSSN1,2040,0.0
REGION1,ROHYDSSN1,2040,0.0
REGION1,SEHYDSSN1,2040,0.0
REGION1,SIHYDSSN1,2040,0.018
REGION1,SKHYDSSN1,2040,0.0144
REGION1,CHHYDSSN1,2040,0.0
REGION1,UKHYDSSN1,2040,0.0
REGION1,MAHYDSSH1,2040,0.0133632
REGION1,ZAHYDSSH1,2040,0.0786816
REGION1,ATHYDSSH1,2041,0.172786176
REGION1,BEHYDSSH1,2041,0.03757824
REGION1,BGHYDSSH1,2041,0.0369216
REGION1,CZHYDSSH1,2041,0.033043968
REGION1,DEHYDSSH1,2041,0.192259008
REGION1,GRHYDSSH1,2041,0.0201312
REGION1,ESHYDSSH1,2041,0.1809655975384614
REGION1,FRHYDSSH1,2041,0.1704355199999997
REGION1,HRHYDSSH1,2041,0.00846144
REGION1,IEHYDSSH1,2041,0.0084096
REGION1,ITHYDSSH1,2041,0.2184566399999997
REGION1,LTHYDSSH1,2041,0.02592
REGION1,LUHYDSSH1,2041,0.034776
REGION1,SLHYDSSH1,2041,0.051332256
REGION1,STHYDSSH1,2041,0.07291008
REGION1,ROHYDSSH1,2041,0.0057168
REGION1,SEHYDSSH1,2041,0.0026496
REGION1,SIHYDSSH1,2041,0.0051264
REGION1,SKHYDSSH1,2041,0.0264096
REGION1,CHHYDSSH1,2041,0.009507078203343034
REGION1,UKHYDSSH1,2041,0.06407543726235734
REGION1,ATBATSH1,2041,2.2595164419915308e-05
REGION1,BEBATSH1,2041,3.182417523931734e-05
REGION1,BGBATSH1,2041,0.0
REGION1,CHBATSH1,2041,0.0
REGION1,CYBATSH1,2041,0.0
REGION1,CZBATSH1,2041,0.0
REGION1,DEBATSH1,2041,0.0
REGION1,DKBATSH1,2041,0.0
REGION1,EEBATSH1,2041,0.0
REGION1,GRBATSH1,2041,0.0006186444633559475
REGION1,ESBATSH1,2041,0.0
REGION1,FIBATSH1,2041,0.0
REGION1,FRBATSH1,2041,0.0
REGION1,HRBATSH1,2041,0.0002608627644366841
REGION1,HUBATSH1,2041,0.0
REGION1,IEBATSH1,2041,0.0
REGION1,ITBATSH1,2041,0.0
REGION1,LTBATSH1,2041,0.0
REGION1,LUBATSH1,2041,0.0
REGION1,LVBATSH1,2041,0.0
REGION1,MTBATSH1,2041,0.0
REGION1,NLBATSH1,2041,0.0
REGION1,NOBATSH1,2041,0.0
REGION1,PLBATSH1,2041,0.0
REGION1,PTBATSH1,2041,0.0
REGION1,ROBATSH1,2041,0.0
REGION1,SEBATSH1,2041,0.0
REGION1,SIBATSH1,2041,0.0
REGION1,SKBATSH1,2041,0.0
REGION1,UKBATSH1,2041,0.0009388131695598609
REGION1,ATHYDSSN1,2041,0.2304
REGION1,BEHYDSSN1,2041,0.0
REGION1,BGHYDSSN1,2041,0.4104
REGION1,CZHYDSSN1,2041,0.0
REGION1,DEHYDSSN1,2041,0.13319999999999999
REGION1,GRHYDSSN1,2041,0.0576
REGION1,ESHYDSSN1,2041,0.5256
REGION1,FRHYDSSN1,2041,0.0
REGION1,HRHYDSSN1,2041,0.0
REGION1,IEHYDSSN1,2041,0.0072
REGION1,ITHYDSSN1,2041,0.033875999999999996
REGION1,LTHYDSSN1,2041,0.0
REGION1,LUHYDSSN1,2041,0.0
REGION1,SLHYDSSN1,2041,0.0
REGION1,STHYDSSN1,2041,0.0
REGION1,ROHYDSSN1,2041,0.0
REGION1,SEHYDSSN1,2041,0.0
REGION1,SIHYDSSN1,2041,0.018
REGION1,SKHYDSSN1,2041,0.0144
REGION1,CHHYDSSN1,2041,0.0
REGION1,UKHYDSSN1,2041,0.0
REGION1,MAHYDSSH1,2041,0.0133632
REGION1,ZAHYDSSH1,2041,0.0786816
REGION1,ATHYDSSH1,2042,0.172786176
REGION1,BEHYDSSH1,2042,0.03757824
REGION1,BGHYDSSH1,2042,0.0369216
REGION1,CZHYDSSH1,2042,0.033043968
REGION1,DEHYDSSH1,2042,0.192259008
REGION1,GRHYDSSH1,2042,0.0201312
REGION1,ESHYDSSH1,2042,0.1809602806153844
REGION1,FRHYDSSH1,2042,0.1704355199999997
REGION1,HRHYDSSH1,2042,0.00846144
REGION1,IEHYDSSH1,2042,0.0084096
REGION1,ITHYDSSH1,2042,0.2184566399999997
REGION1,LTHYDSSH1,2042,0.02592
REGION1,LUHYDSSH1,2042,0.034776
REGION1,SLHYDSSH1,2042,0.051332256
REGION1,STHYDSSH1,2042,0.07291008
REGION1,ROHYDSSH1,2042,0.0057168
REGION1,SEHYDSSH1,2042,0.0026496
REGION1,SIHYDSSH1,2042,0.0051264
REGION1,SKHYDSSH1,2042,0.0264096
REGION1,CHHYDSSH1,2042,0.009173152113510212
REGION1,UKHYDSSH1,2042,0.06353520912547517
REGION1,ATBATSH1,2042,2.1691357843118696e-05
REGION1,BEBATSH1,2042,3.0551208229744644e-05
REGION1,BGBATSH1,2042,0.0
REGION1,CHBATSH1,2042,0.0
REGION1,CYBATSH1,2042,0.0
REGION1,CZBATSH1,2042,0.0
REGION1,DEBATSH1,2042,0.0
REGION1,DKBATSH1,2042,0.0
REGION1,EEBATSH1,2042,0.0
REGION1,GRBATSH1,2042,0.0005938986848217096
REGION1,ESBATSH1,2042,0.0
REGION1,FIBATSH1,2042,0.0
REGION1,FRBATSH1,2042,0.0
REGION1,HRBATSH1,2042,0.0002504282538592167
REGION1,HUBATSH1,2042,0.0
REGION1,IEBATSH1,2042,0.0
REGION1,ITBATSH1,2042,0.0
REGION1,LTBATSH1,2042,0.0
REGION1,LUBATSH1,2042,0.0
REGION1,LVBATSH1,2042,0.0
REGION1,MTBATSH1,2042,0.0
REGION1,NLBATSH1,2042,0.0
REGION1,NOBATSH1,2042,0.0
REGION1,PLBATSH1,2042,0.0
REGION1,PTBATSH1,2042,0.0
REGION1,ROBATSH1,2042,0.0
REGION1,SEBATSH1,2042,0.0
REGION1,SIBATSH1,2042,0.0
REGION1,SKBATSH1,2042,0.0
REGION1,UKBATSH1,2042,0.0009012606427774664
REGION1,ATHYDSSN1,2042,0.2304
REGION1,BEHYDSSN1,2042,0.0
REGION1,BGHYDSSN1,2042,0.4104
REGION1,CZHYDSSN1,2042,0.0
REGION1,DEHYDSSN1,2042,0.13319999999999999
REGION1,GRHYDSSN1,2042,0.0576
REGION1,ESHYDSSN1,2042,0.5256
REGION1,FRHYDSSN1,2042,0.0
REGION1,HRHYDSSN1,2042,0.0
REGION1,IEHYDSSN1,2042,0.0072
REGION1,ITHYDSSN1,2042,0.033875999999999996
REGION1,LTHYDSSN1,2042,0.0
REGION1,LUHYDSSN1,2042,0.0
REGION1,SLHYDSSN1,2042,0.0
REGION1,STHYDSSN1,2042,0.0
REGION1,ROHYDSSN1,2042,0.0
REGION1,SEHYDSSN1,2042,0.0
REGION1,SIHYDSSN1,2042,0.018
REGION1,SKHYDSSN1,2042,0.0144
REGION1,CHHYDSSN1,2042,0.0
REGION1,UKHYDSSN1,2042,0.0
REGION1,MAHYDSSH1,2042,0.0133632
REGION1,ZAHYDSSH1,2042,0.0786816
REGION1,ATHYDSSH1,2043,0.172786176
REGION1,BEHYDSSH1,2043,0.03757824
REGION1,BGHYDSSH1,2043,0.0369216
REGION1,CZHYDSSH1,2043,0.033043968
REGION1,DEHYDSSH1,2043,0.192259008
REGION1,GRHYDSSH1,2043,0.0201312
REGION1,ESHYDSSH1,2043,0.1809549636923077
REGION1,FRHYDSSH1,2043,0.1704355199999997
REGION1,HRHYDSSH1,2043,0.00846144
REGION1,IEHYDSSH1,2043,0.0084096
REGION1,ITHYDSSH1,2043,0.2184566399999997
REGION1,LTHYDSSH1,2043,0.02592
REGION1,LUHYDSSH1,2043,0.034776
REGION1,SLHYDSSH1,2043,0.051332256
REGION1,STHYDSSH1,2043,0.07291008
REGION1,ROHYDSSH1,2043,0.0057168
REGION1,SEHYDSSH1,2043,0.0026496
REGION1,SIHYDSSH1,2043,0.0051264
REGION1,SKHYDSSH1,2043,0.0264096
REGION1,CHHYDSSH1,2043,0.00883922602367736
REGION1,UKHYDSSH1,2043,0.06299498098859299
REGION1,ATBATSH1,2043,2.0823703529393945e-05
REGION1,BEBATSH1,2043,2.9329159900554857e-05
REGION1,BGBATSH1,2043,0.0
REGION1,CHBATSH1,2043,0.0
REGION1,CYBATSH1,2043,0.0
REGION1,CZBATSH1,2043,0.0
REGION1,DEBATSH1,2043,0.0
REGION1,DKBATSH1,2043,0.0
REGION1,EEBATSH1,2043,0.0
REGION1,GRBATSH1,2043,0.0005701427374288411
REGION1,ESBATSH1,2043,0.0
REGION1,FIBATSH1,2043,0.0
REGION1,FRBATSH1,2043,0.0
REGION1,HRBATSH1,2043,0.00024041112370484804
REGION1,HUBATSH1,2043,0.0
REGION1,IEBATSH1,2043,0.0
REGION1,ITBATSH1,2043,0.0
REGION1,LTBATSH1,2043,0.0
REGION1,LUBATSH1,2043,0.0
REGION1,LVBATSH1,2043,0.0
REGION1,MTBATSH1,2043,0.0
REGION1,NLBATSH1,2043,0.0
REGION1,NOBATSH1,2043,0.0
REGION1,PLBATSH1,2043,0.0
REGION1,PTBATSH1,2043,0.0
REGION1,ROBATSH1,2043,0.0
REGION1,SEBATSH1,2043,0.0
REGION1,SIBATSH1,2043,0.0
REGION1,SKBATSH1,2043,0.0
REGION1,UKBATSH1,2043,0.0008652102170663677
REGION1,ATHYDSSN1,2043,0.2304
REGION1,BEHYDSSN1,2043,0.0
REGION1,BGHYDSSN1,2043,0.4104
REGION1,CZHYDSSN1,2043,0.0
REGION1,DEHYDSSN1,2043,0.13319999999999999
REGION1,GRHYDSSN1,2043,0.0576
REGION1,ESHYDSSN1,2043,0.5256
REGION1,FRHYDSSN1,2043,0.0
REGION1,HRHYDSSN1,2043,0.0
REGION1,IEHYDSSN1,2043,0.0072
REGION1,ITHYDSSN1,2043,0.033875999999999996
REGION1,LTHYDSSN1,2043,0.0
REGION1,LUHYDSSN1,2043,0.0
REGION1,SLHYDSSN1,2043,0.0
REGION1,STHYDSSN1,2043,0.0
REGION1,ROHYDSSN1,2043,0.0
REGION1,SEHYDSSN1,2043,0.0
REGION1,SIHYDSSN1,2043,0.018
REGION1,SKHYDSSN1,2043,0.0144
REGION1,CHHYDSSN1,2043,0.0
REGION1,UKHYDSSN1,2043,0.0
REGION1,MAHYDSSH1,2043,0.0133632
REGION1,ZAHYDSSH1,2043,0.0786816
REGION1,ATHYDSSH1,2044,0.172786176
REGION1,BEHYDSSH1,2044,0.03757824
REGION1,BGHYDSSH1,2044,0.0369216
REGION1,CZHYDSSH1,2044,0.033043968
REGION1,DEHYDSSH1,2044,0.192259008
REGION1,GRHYDSSH1,2044,0.0201312
REGION1,ESHYDSSH1,2044,0.1809496467692306
REGION1,FRHYDSSH1,2044,0.1704355199999997
REGION1,HRHYDSSH1,2044,0.00846144
REGION1,IEHYDSSH1,2044,0.0084096
REGION1,ITHYDSSH1,2044,0.2184566399999997
REGION1,LTHYDSSH1,2044,0.02592
REGION1,LUHYDSSH1,2044,0.034776
REGION1,SLHYDSSH1,2044,0.051332256
REGION1,STHYDSSH1,2044,0.07291008
REGION1,ROHYDSSH1,2044,0.0057168
REGION1,SEHYDSSH1,2044,0.0026496
REGION1,SIHYDSSH1,2044,0.0051264
REGION1,SKHYDSSH1,2044,0.0264096
REGION1,CHHYDSSH1,2044,0.00850529993384451
REGION1,UKHYDSSH1,2044,0.06245475285171081
REGION1,ATBATSH1,2044,1.9990755388218187e-05
REGION1,BEBATSH1,2044,2.815599350453266e-05
REGION1,BGBATSH1,2044,0.0
REGION1,CHBATSH1,2044,0.0
REGION1,CYBATSH1,2044,0.0
REGION1,CZBATSH1,2044,0.0
REGION1,DEBATSH1,2044,0.0
REGION1,DKBATSH1,2044,0.0
REGION1,EEBATSH1,2044,0.0
REGION1,GRBATSH1,2044,0.0005473370279316874
REGION1,ESBATSH1,2044,0.0
REGION1,FIBATSH1,2044,0.0
REGION1,FRBATSH1,2044,0.0
REGION1,HRBATSH1,2044,0.0002307946787566541
REGION1,HUBATSH1,2044,0.0
REGION1,IEBATSH1,2044,0.0
REGION1,ITBATSH1,2044,0.0
REGION1,LTBATSH1,2044,0.0
REGION1,LUBATSH1,2044,0.0
REGION1,LVBATSH1,2044,0.0
REGION1,MTBATSH1,2044,0.0
REGION1,NLBATSH1,2044,0.0
REGION1,NOBATSH1,2044,0.0
REGION1,PLBATSH1,2044,0.0
REGION1,PTBATSH1,2044,0.0
REGION1,ROBATSH1,2044,0.0
REGION1,SEBATSH1,2044,0.0
REGION1,SIBATSH1,2044,0.0
REGION1,SKBATSH1,2044,0.0
REGION1,UKBATSH1,2044,0.000830601808383713
REGION1,ATHYDSSN1,2044,0.2304
REGION1,BEHYDSSN1,2044,0.0
REGION1,BGHYDSSN1,2044,0.4104
REGION1,CZHYDSSN1,2044,0.0
REGION1,DEHYDSSN1,2044,0.13319999999999999
REGION1,GRHYDSSN1,2044,0.0576
REGION1,ESHYDSSN1,2044,0.5256
REGION1,FRHYDSSN1,2044,0.0
REGION1,HRHYDSSN1,2044,0.0
REGION1,IEHYDSSN1,2044,0.0072
REGION1,ITHYDSSN1,2044,0.033875999999999996
REGION1,LTHYDSSN1,2044,0.0
REGION1,LUHYDSSN1,2044,0.0
REGION1,SLHYDSSN1,2044,0.0
REGION1,STHYDSSN1,2044,0.0
REGION1,ROHYDSSN1,2044,0.0
REGION1,SEHYDSSN1,2044,0.0
REGION1,SIHYDSSN1,2044,0.018
REGION1,SKHYDSSN1,2044,0.0144
REGION1,CHHYDSSN1,2044,0.0
REGION1,UKHYDSSN1,2044,0.0
REGION1,MAHYDSSH1,2044,0.0133632
REGION1,ZAHYDSSH1,2044,0.0786816
REGION1,ATHYDSSH1,2045,0.172786176
REGION1,BEHYDSSH1,2045,0.03757824
REGION1,BGHYDSSH1,2045,0.0369216
REGION1,CZHYDSSH1,2045,0.033043968
REGION1,DEHYDSSH1,2045,0.192259008
REGION1,GRHYDSSH1,2045,0.0201312
REGION1,ESHYDSSH1,2045,0.1809443298461538
REGION1,FRHYDSSH1,2045,0.1704355199999997
REGION1,HRHYDSSH1,2045,0.00846144
REGION1,IEHYDSSH1,2045,0.0084096
REGION1,ITHYDSSH1,2045,0.2184566399999997
REGION1,LTHYDSSH1,2045,0.02592
REGION1,LUHYDSSH1,2045,0.034776
REGION1,SLHYDSSH1,2045,0.051332256
REGION1,STHYDSSH1,2045,0.07291008
REGION1,ROHYDSSH1,2045,0.0057168
REGION1,SEHYDSSH1,2045,0.0026496
REGION1,SIHYDSSH1,2045,0.0051264
REGION1,SKHYDSSH1,2045,0.0264096
REGION1,CHHYDSSH1,2045,0.008171373844011658
REGION1,UKHYDSSH1,2045,0.06191452471482865
REGION1,ATBATSH1,2045,1.9191125172689457e-05
REGION1,BEBATSH1,2045,2.7029753764351356e-05
REGION1,BGBATSH1,2045,0.0
REGION1,CHBATSH1,2045,0.0
REGION1,CYBATSH1,2045,0.0
REGION1,CZBATSH1,2045,0.0
REGION1,DEBATSH1,2045,0.0
REGION1,DKBATSH1,2045,0.0
REGION1,EEBATSH1,2045,0.0
REGION1,GRBATSH1,2045,0.0005254435468144199
REGION1,ESBATSH1,2045,0.0
REGION1,FIBATSH1,2045,0.0
REGION1,FRBATSH1,2045,0.0
REGION1,HRBATSH1,2045,0.00022156289160638794
REGION1,HUBATSH1,2045,0.0
REGION1,IEBATSH1,2045,0.0
REGION1,ITBATSH1,2045,0.0
REGION1,LTBATSH1,2045,0.0
REGION1,LUBATSH1,2045,0.0
REGION1,LVBATSH1,2045,0.0
REGION1,MTBATSH1,2045,0.0
REGION1,NLBATSH1,2045,0.0
REGION1,NOBATSH1,2045,0.0
REGION1,PLBATSH1,2045,0.0
REGION1,PTBATSH1,2045,0.0
REGION1,ROBATSH1,2045,0.0
REGION1,SEBATSH1,2045,0.0
REGION1,SIBATSH1,2045,0.0
REGION1,SKBATSH1,2045,0.0
REGION1,UKBATSH1,2045,0.0007973777360483644
REGION1,ATHYDSSN1,2045,0.2304
REGION1,BEHYDSSN1,2045,0.0
REGION1,BGHYDSSN1,2045,0.4104
REGION1,CZHYDSSN1,2045,0.0
REGION1,DEHYDSSN1,2045,0.13319999999999999
REGION1,GRHYDSSN1,2045,0.0576
REGION1,ESHYDSSN1,2045,0.5256
REGION1,FRHYDSSN1,2045,0.0
REGION1,HRHYDSSN1,2045,0.0
REGION1,IEHYDSSN1,2045,0.0072
REGION1,ITHYDSSN1,2045,0.033875999999999996
REGION1,LTHYDSSN1,2045,0.0
REGION1,LUHYDSSN1,2045,0.0
REGION1,SLHYDSSN1,2045,0.0
REGION1,STHYDSSN1,2045,0.0
REGION1,ROHYDSSN1,2045,0.0
REGION1,SEHYDSSN1,2045,0.0
REGION1,SIHYDSSN1,2045,0.018
REGION1,SKHYDSSN1,2045,0.0144
REGION1,CHHYDSSN1,2045,0.0
REGION1,UKHYDSSN1,2045,0.0
REGION1,MAHYDSSH1,2045,0.0133632
REGION1,ZAHYDSSH1,2045,0.0786816
REGION1,ATHYDSSH1,2046,0.172786176
REGION1,BEHYDSSH1,2046,0.03757824
REGION1,BGHYDSSH1,2046,0.0369216
REGION1,CZHYDSSH1,2046,0.033043968
REGION1,DEHYDSSH1,2046,0.192259008
REGION1,GRHYDSSH1,2046,0.0201312
REGION1,ESHYDSSH1,2046,0.1809390129230768
REGION1,FRHYDSSH1,2046,0.1704355199999997
REGION1,HRHYDSSH1,2046,0.00846144
REGION1,IEHYDSSH1,2046,0.0084096
REGION1,ITHYDSSH1,2046,0.2184566399999997
REGION1,LTHYDSSH1,2046,0.02592
REGION1,LUHYDSSH1,2046,0.034776
REGION1,SLHYDSSH1,2046,0.051332256
REGION1,STHYDSSH1,2046,0.07291008
REGION1,ROHYDSSH1,2046,0.0057168
REGION1,SEHYDSSH1,2046,0.0026496
REGION1,SIHYDSSH1,2046,0.0051264
REGION1,SKHYDSSH1,2046,0.0264096
REGION1,CHHYDSSH1,2046,0.007837447754178805
REGION1,UKHYDSSH1,2046,0.06137429657794675
REGION1,ATBATSH1,2046,1.8423480165781877e-05
REGION1,BEBATSH1,2046,2.5948563613777302e-05
REGION1,BGBATSH1,2046,0.0
REGION1,CHBATSH1,2046,0.0
REGION1,CYBATSH1,2046,0.0
REGION1,CZBATSH1,2046,0.0
REGION1,DEBATSH1,2046,0.0
REGION1,DKBATSH1,2046,0.0
REGION1,EEBATSH1,2046,0.0
REGION1,GRBATSH1,2046,0.0005044258049418431
REGION1,ESBATSH1,2046,0.0
REGION1,FIBATSH1,2046,0.0
REGION1,FRBATSH1,2046,0.0
REGION1,HRBATSH1,2046,0.00021270037594213243
REGION1,HUBATSH1,2046,0.0
REGION1,IEBATSH1,2046,0.0
REGION1,ITBATSH1,2046,0.0
REGION1,LTBATSH1,2046,0.0
REGION1,LUBATSH1,2046,0.0
REGION1,LVBATSH1,2046,0.0
REGION1,MTBATSH1,2046,0.0
REGION1,NLBATSH1,2046,0.0
REGION1,NOBATSH1,2046,0.0
REGION1,PLBATSH1,2046,0.0
REGION1,PTBATSH1,2046,0.0
REGION1,ROBATSH1,2046,0.0
REGION1,SEBATSH1,2046,0.0
REGION1,SIBATSH1,2046,0.0
REGION1,SKBATSH1,2046,0.0
REGION1,UKBATSH1,2046,0.0007654826266064299
REGION1,ATHYDSSN1,2046,0.2304
REGION1,BEHYDSSN1,2046,0.0
REGION1,BGHYDSSN1,2046,0.4104
REGION1,CZHYDSSN1,2046,0.0
REGION1,DEHYDSSN1,2046,0.13319999999999999
REGION1,GRHYDSSN1,2046,0.0576
REGION1,ESHYDSSN1,2046,0.5256
REGION1,FRHYDSSN1,2046,0.0
REGION1,HRHYDSSN1,2046,0.0
REGION1,IEHYDSSN1,2046,0.0072
REGION1,ITHYDSSN1,2046,0.033875999999999996
REGION1,LTHYDSSN1,2046,0.0
REGION1,LUHYDSSN1,2046,0.0
REGION1,SLHYDSSN1,2046,0.0
REGION1,STHYDSSN1,2046,0.0
REGION1,ROHYDSSN1,2046,0.0
REGION1,SEHYDSSN1,2046,0.0
REGION1,SIHYDSSN1,2046,0.018
REGION1,SKHYDSSN1,2046,0.0144
REGION1,CHHYDSSN1,2046,0.0
REGION1,UKHYDSSN1,2046,0.0
REGION1,MAHYDSSH1,2046,0.0133632
REGION1,ZAHYDSSH1,2046,0.0786816
REGION1,ATHYDSSH1,2047,0.172786176
REGION1,BEHYDSSH1,2047,0.03757824
REGION1,BGHYDSSH1,2047,0.0369216
REGION1,CZHYDSSH1,2047,0.033043968
REGION1,DEHYDSSH1,2047,0.192259008
REGION1,GRHYDSSH1,2047,0.0201312
REGION1,ESHYDSSH1,2047,0.1809336959999997
REGION1,FRHYDSSH1,2047,0.1704355199999997
REGION1,HRHYDSSH1,2047,0.00846144
REGION1,IEHYDSSH1,2047,0.0084096
REGION1,ITHYDSSH1,2047,0.2184566399999997
REGION1,LTHYDSSH1,2047,0.02592
REGION1,LUHYDSSH1,2047,0.034776
REGION1,SLHYDSSH1,2047,0.051332256
REGION1,STHYDSSH1,2047,0.07291008
REGION1,ROHYDSSH1,2047,0.0057168
REGION1,SEHYDSSH1,2047,0.0026496
REGION1,SIHYDSSH1,2047,0.0051264
REGION1,SKHYDSSH1,2047,0.0264096
REGION1,CHHYDSSH1,2047,0.007503521664345955
REGION1,UKHYDSSH1,2047,0.06083406844106458
REGION1,ATBATSH1,2047,1.7686540959150602e-05
REGION1,BEBATSH1,2047,2.491062106922621e-05
REGION1,BGBATSH1,2047,0.0
REGION1,CHBATSH1,2047,0.0
REGION1,CYBATSH1,2047,0.0
REGION1,CZBATSH1,2047,0.0
REGION1,DEBATSH1,2047,0.0
REGION1,DKBATSH1,2047,0.0
REGION1,EEBATSH1,2047,0.0
REGION1,GRBATSH1,2047,0.00048424877274416933
REGION1,ESBATSH1,2047,0.0
REGION1,FIBATSH1,2047,0.0
REGION1,FRBATSH1,2047,0.0
REGION1,HRBATSH1,2047,0.00020419236090444713
REGION1,HUBATSH1,2047,0.0
REGION1,IEBATSH1,2047,0.0
REGION1,ITBATSH1,2047,0.0
REGION1,LTBATSH1,2047,0.0
REGION1,LUBATSH1,2047,0.0
REGION1,LVBATSH1,2047,0.0
REGION1,MTBATSH1,2047,0.0
REGION1,NLBATSH1,2047,0.0
REGION1,NOBATSH1,2047,0.0
REGION1,PLBATSH1,2047,0.0
REGION1,PTBATSH1,2047,0.0
REGION1,ROBATSH1,2047,0.0
REGION1,SEBATSH1,2047,0.0
REGION1,SIBATSH1,2047,0.0
REGION1,SKBATSH1,2047,0.0
REGION1,UKBATSH1,2047,0.0007348633215421726
REGION1,ATHYDSSN1,2047,0.2304
REGION1,BEHYDSSN1,2047,0.0
REGION1,BGHYDSSN1,2047,0.4104
REGION1,CZHYDSSN1,2047,0.0
REGION1,DEHYDSSN1,2047,0.13319999999999999
REGION1,GRHYDSSN1,2047,0.0576
REGION1,ESHYDSSN1,2047,0.5256
REGION1,FRHYDSSN1,2047,0.0
REGION1,HRHYDSSN1,2047,0.0
REGION1,IEHYDSSN1,2047,0.0072
REGION1,ITHYDSSN1,2047,0.033875999999999996
REGION1,LTHYDSSN1,2047,0.0
REGION1,LUHYDSSN1,2047,0.0
REGION1,SLHYDSSN1,2047,0.0
REGION1,STHYDSSN1,2047,0.0
REGION1,ROHYDSSN1,2047,0.0
REGION1,SEHYDSSN1,2047,0.0
REGION1,SIHYDSSN1,2047,0.018
REGION1,SKHYDSSN1,2047,0.0144
REGION1,CHHYDSSN1,2047,0.0
REGION1,UKHYDSSN1,2047,0.0
REGION1,MAHYDSSH1,2047,0.0133632
REGION1,ZAHYDSSH1,2047,0.0786816
REGION1,ATHYDSSH1,2048,0.172786176
REGION1,BEHYDSSH1,2048,0.03757824
REGION1,BGHYDSSH1,2048,0.0369216
REGION1,CZHYDSSH1,2048,0.033043968
REGION1,DEHYDSSH1,2048,0.192259008
REGION1,GRHYDSSH1,2048,0.0201312
REGION1,ESHYDSSH1,2048,0.1809283790769229
REGION1,FRHYDSSH1,2048,0.1704355199999997
REGION1,HRHYDSSH1,2048,0.00846144
REGION1,IEHYDSSH1,2048,0.0084096
REGION1,ITHYDSSH1,2048,0.2184566399999997
REGION1,LTHYDSSH1,2048,0.02592
REGION1,LUHYDSSH1,2048,0.034776
REGION1,SLHYDSSH1,2048,0.051332256
REGION1,STHYDSSH1,2048,0.07291008
REGION1,ROHYDSSH1,2048,0.0057168
REGION1,SEHYDSSH1,2048,0.0026496
REGION1,SIHYDSSH1,2048,0.0051264
REGION1,SKHYDSSH1,2048,0.0264096
REGION1,CHHYDSSH1,2048,0.007169595574513104
REGION1,UKHYDSSH1,2048,0.0602938403041824
REGION1,ATBATSH1,2048,1.6979079320784578e-05
REGION1,BEBATSH1,2048,2.391419622645716e-05
REGION1,BGBATSH1,2048,0.0
REGION1,CHBATSH1,2048,0.0
REGION1,CYBATSH1,2048,0.0
REGION1,CZBATSH1,2048,0.0
REGION1,DEBATSH1,2048,0.0
REGION1,DKBATSH1,2048,0.0
REGION1,EEBATSH1,2048,0.0
REGION1,GRBATSH1,2048,0.00046487882183440256
REGION1,ESBATSH1,2048,0.0
REGION1,FIBATSH1,2048,0.0
REGION1,FRBATSH1,2048,0.0
REGION1,HRBATSH1,2048,0.00019602466646826924
REGION1,HUBATSH1,2048,0.0
REGION1,IEBATSH1,2048,0.0
REGION1,ITBATSH1,2048,0.0
REGION1,LTBATSH1,2048,0.0
REGION1,LUBATSH1,2048,0.0
REGION1,LVBATSH1,2048,0.0
REGION1,MTBATSH1,2048,0.0
REGION1,NLBATSH1,2048,0.0
REGION1,NOBATSH1,2048,0.0
REGION1,PLBATSH1,2048,0.0
REGION1,PTBATSH1,2048,0.0
REGION1,ROBATSH1,2048,0.0
REGION1,SEBATSH1,2048,0.0
REGION1,SIBATSH1,2048,0.0
REGION1,SKBATSH1,2048,0.0
REGION1,UKBATSH1,2048,0.0007054687886804857
REGION1,ATHYDSSN1,2048,0.2304
REGION1,BEHYDSSN1,2048,0.0
REGION1,BGHYDSSN1,2048,0.4104
REGION1,CZHYDSSN1,2048,0.0
REGION1,DEHYDSSN1,2048,0.13319999999999999
REGION1,GRHYDSSN1,2048,0.0576
REGION1,ESHYDSSN1,2048,0.5256
REGION1,FRHYDSSN1,2048,0.0
REGION1,HRHYDSSN1,2048,0.0
REGION1,IEHYDSSN1,2048,0.0072
REGION1,ITHYDSSN1,2048,0.033875999999999996
REGION1,LTHYDSSN1,2048,0.0
REGION1,LUHYDSSN1,2048,0.0
REGION1,SLHYDSSN1,2048,0.0
REGION1,STHYDSSN1,2048,0.0
REGION1,ROHYDSSN1,2048,0.0
REGION1,SEHYDSSN1,2048,0.0
REGION1,SIHYDSSN1,2048,0.018
REGION1,SKHYDSSN1,2048,0.0144
REGION1,CHHYDSSN1,2048,0.0
REGION1,UKHYDSSN1,2048,0.0
REGION1,MAHYDSSH1,2048,0.0133632
REGION1,ZAHYDSSH1,2048,0.0786816
REGION1,ATHYDSSH1,2049,0.172786176
REGION1,BEHYDSSH1,2049,0.03757824
REGION1,BGHYDSSH1,2049,0.0369216
REGION1,CZHYDSSH1,2049,0.033043968
REGION1,DEHYDSSH1,2049,0.192259008
REGION1,GRHYDSSH1,2049,0.0201312
REGION1,ESHYDSSH1,2049,0.1809230621538459
REGION1,FRHYDSSH1,2049,0.1704355199999997
REGION1,HRHYDSSH1,2049,0.00846144
REGION1,IEHYDSSH1,2049,0.0084096
REGION1,ITHYDSSH1,2049,0.2184566399999997
REGION1,LTHYDSSH1,2049,0.02592
REGION1,LUHYDSSH1,2049,0.034776
REGION1,SLHYDSSH1,2049,0.051332256
REGION1,STHYDSSH1,2049,0.07291008
REGION1,ROHYDSSH1,2049,0.0057168
REGION1,SEHYDSSH1,2049,0.0026496
REGION1,SIHYDSSH1,2049,0.0051264
REGION1,SKHYDSSH1,2049,0.0264096
REGION1,CHHYDSSH1,2049,0.006835669484680252
REGION1,UKHYDSSH1,2049,0.05975361216730022
REGION1,ATBATSH1,2049,1.6299916147953193e-05
REGION1,BEBATSH1,2049,2.2957628377398872e-05
REGION1,BGBATSH1,2049,0.0
REGION1,CHBATSH1,2049,0.0
REGION1,CYBATSH1,2049,0.0
REGION1,CZBATSH1,2049,0.0
REGION1,DEBATSH1,2049,0.0
REGION1,DKBATSH1,2049,0.0
REGION1,EEBATSH1,2049,0.0
REGION1,GRBATSH1,2049,0.00044628366896102645
REGION1,ESBATSH1,2049,0.0
REGION1,FIBATSH1,2049,0.0
REGION1,FRBATSH1,2049,0.0
REGION1,HRBATSH1,2049,0.00018818367980953847
REGION1,HUBATSH1,2049,0.0
REGION1,IEBATSH1,2049,0.0
REGION1,ITBATSH1,2049,0.0
REGION1,LTBATSH1,2049,0.0
REGION1,LUBATSH1,2049,0.0
REGION1,LVBATSH1,2049,0.0
REGION1,MTBATSH1,2049,0.0
REGION1,NLBATSH1,2049,0.0
REGION1,NOBATSH1,2049,0.0
REGION1,PLBATSH1,2049,0.0
REGION1,PTBATSH1,2049,0.0
REGION1,ROBATSH1,2049,0.0
REGION1,SEBATSH1,2049,0.0
REGION1,SIBATSH1,2049,0.0
REGION1,SKBATSH1,2049,0.0
REGION1,UKBATSH1,2049,0.0006772500371332663
REGION1,ATHYDSSN1,2049,0.2304
REGION1,BEHYDSSN1,2049,0.0
REGION1,BGHYDSSN1,2049,0.4104
REGION1,CZHYDSSN1,2049,0.0
REGION1,DEHYDSSN1,2049,0.13319999999999999
REGION1,GRHYDSSN1,2049,0.0576
REGION1,ESHYDSSN1,2049,0.5256
REGION1,FRHYDSSN1,2049,0.0
REGION1,HRHYDSSN1,2049,0.0
REGION1,IEHYDSSN1,2049,0.0072
REGION1,ITHYDSSN1,2049,0.033875999999999996
REGION1,LTHYDSSN1,2049,0.0
REGION1,LUHYDSSN1,2049,0.0
REGION1,SLHYDSSN1,2049,0.0
REGION1,STHYDSSN1,2049,0.0
REGION1,ROHYDSSN1,2049,0.0
REGION1,SEHYDSSN1,2049,0.0
REGION1,SIHYDSSN1,2049,0.018
REGION1,SKHYDSSN1,2049,0.0144
REGION1,CHHYDSSN1,2049,0.0
REGION1,UKHYDSSN1,2049,0.0
REGION1,MAHYDSSH1,2049,0.0133632
REGION1,ZAHYDSSH1,2049,0.0786816
REGION1,ATHYDSSH1,2050,0.172786176
REGION1,BEHYDSSH1,2050,0.03757824
REGION1,BGHYDSSH1,2050,0.0369216
REGION1,CZHYDSSH1,2050,0.033043968
REGION1,DEHYDSSH1,2050,0.192259008
REGION1,GRHYDSSH1,2050,0.0201312
REGION1,ESHYDSSH1,2050,0.1809177452307691
REGION1,FRHYDSSH1,2050,0.1704355199999997
REGION1,HRHYDSSH1,2050,0.00846144
REGION1,IEHYDSSH1,2050,0.0084096
REGION1,ITHYDSSH1,2050,0.2184566399999997
REGION1,LTHYDSSH1,2050,0.02592
REGION1,LUHYDSSH1,2050,0.034776
REGION1,SLHYDSSH1,2050,0.051332256
REGION1,STHYDSSH1,2050,0.07291008
REGION1,ROHYDSSH1,2050,0.0057168
REGION1,SEHYDSSH1,2050,0.0026496
REGION1,SIHYDSSH1,2050,0.0051264
REGION1,SKHYDSSH1,2050,0.0264096
REGION1,CHHYDSSH1,2050,0.006501743394847431
REGION1,UKHYDSSH1,2050,0.05921338403041805
REGION1,ATBATSH1,2050,1.5647919502035064e-05
REGION1,BEBATSH1,2050,2.2039323242302916e-05
REGION1,BGBATSH1,2050,0.0
REGION1,CHBATSH1,2050,0.0
REGION1,CYBATSH1,2050,0.0
REGION1,CZBATSH1,2050,0.0
REGION1,DEBATSH1,2050,0.0
REGION1,DKBATSH1,2050,0.0
REGION1,EEBATSH1,2050,0.0
REGION1,GRBATSH1,2050,0.0004284323222025854
REGION1,ESBATSH1,2050,0.0
REGION1,FIBATSH1,2050,0.0
REGION1,FRBATSH1,2050,0.0
REGION1,HRBATSH1,2050,0.00018065633261715692
REGION1,HUBATSH1,2050,0.0
REGION1,IEBATSH1,2050,0.0
REGION1,ITBATSH1,2050,0.0
REGION1,LTBATSH1,2050,0.0
REGION1,LUBATSH1,2050,0.0
REGION1,LVBATSH1,2050,0.0
REGION1,MTBATSH1,2050,0.0
REGION1,NLBATSH1,2050,0.0
REGION1,NOBATSH1,2050,0.0
REGION1,PLBATSH1,2050,0.0
REGION1,PTBATSH1,2050,0.0
REGION1,ROBATSH1,2050,0.0
REGION1,SEBATSH1,2050,0.0
REGION1,SIBATSH1,2050,0.0
REGION1,SKBATSH1,2050,0.0
REGION1,UKBATSH1,2050,0.0006501600356479357
REGION1,ATHYDSSN1,2050,0.2304
REGION1,BEHYDSSN1,2050,0.0
REGION1,BGHYDSSN1,2050,0.4104
REGION1,CZHYDSSN1,2050,0.0
REGION1,DEHYDSSN1,2050,0.13319999999999999
REGION1,GRHYDSSN1,2050,0.0576
REGION1,ESHYDSSN1,2050,0.5256
REGION1,FRHYDSSN1,2050,0.0
REGION1,HRHYDSSN1,2050,0.0
REGION1,IEHYDSSN1,2050,0.0072
REGION1,ITHYDSSN1,2050,0.033875999999999996
REGION1,LTHYDSSN1,2050,0.0
REGION1,LUHYDSSN1,2050,0.0
REGION1,SLHYDSSN1,2050,0.0
REGION1,STHYDSSN1,2050,0.0
REGION1,ROHYDSSN1,2050,0.0
REGION1,SEHYDSSN1,2050,0.0
REGION1,SIHYDSSN1,2050,0.018
REGION1,SKHYDSSN1,2050,0.0144
REGION1,CHHYDSSN1,2050,0.0
REGION1,UKHYDSSN1,2050,0.0
REGION1,MAHYDSSH1,2050,0.0133632
REGION1,ZAHYDSSH1,2050,0.0786816
REGION1,ATHYDSSH1,2051,0.172786176
REGION1,BEHYDSSH1,2051,0.03757824
REGION1,BGHYDSSH1,2051,0.0369216
REGION1,CZHYDSSH1,2051,0.033043968
REGION1,DEHYDSSH1,2051,0.192259008
REGION1,GRHYDSSH1,2051,0.0201312
REGION1,ESHYDSSH1,2051,0.1809124283076921
REGION1,FRHYDSSH1,2051,0.1704355199999997
REGION1,HRHYDSSH1,2051,0.00846144
REGION1,IEHYDSSH1,2051,0.0084096
REGION1,ITHYDSSH1,2051,0.2184566399999997
REGION1,LTHYDSSH1,2051,0.02592
REGION1,LUHYDSSH1,2051,0.034776
REGION1,SLHYDSSH1,2051,0.051332256
REGION1,STHYDSSH1,2051,0.07291008
REGION1,ROHYDSSH1,2051,0.0057168
REGION1,SEHYDSSH1,2051,0.0026496
REGION1,SIHYDSSH1,2051,0.0051264
REGION1,SKHYDSSH1,2051,0.0264096
REGION1,CHHYDSSH1,2051,0.006167817305014579
REGION1,UKHYDSSH1,2051,0.05867315589353587
REGION1,ATBATSH1,2051,1.502200272195366e-05
REGION1,BEBATSH1,2051,2.11577503126108e-05
REGION1,BGBATSH1,2051,0.0
REGION1,CHBATSH1,2051,0.0
REGION1,CYBATSH1,2051,0.0
REGION1,CZBATSH1,2051,0.0
REGION1,DEBATSH1,2051,0.0
REGION1,DKBATSH1,2051,0.0
REGION1,EEBATSH1,2051,0.0
REGION1,GRBATSH1,2051,0.00041129502931448194
REGION1,ESBATSH1,2051,0.0
REGION1,FIBATSH1,2051,0.0
REGION1,FRBATSH1,2051,0.0
REGION1,HRBATSH1,2051,0.00017343007931247062
REGION1,HUBATSH1,2051,0.0
REGION1,IEBATSH1,2051,0.0
REGION1,ITBATSH1,2051,0.0
REGION1,LTBATSH1,2051,0.0
REGION1,LUBATSH1,2051,0.0
REGION1,LVBATSH1,2051,0.0
REGION1,MTBATSH1,2051,0.0
REGION1,NLBATSH1,2051,0.0
REGION1,NOBATSH1,2051,0.0
REGION1,PLBATSH1,2051,0.0
REGION1,PTBATSH1,2051,0.0
REGION1,ROBATSH1,2051,0.0
REGION1,SEBATSH1,2051,0.0
REGION1,SIBATSH1,2051,0.0
REGION1,SKBATSH1,2051,0.0
REGION1,UKBATSH1,2051,0.0006241536342220182
REGION1,ATHYDSSN1,2051,0.2304
REGION1,BEHYDSSN1,2051,0.0
REGION1,BGHYDSSN1,2051,0.4104
REGION1,CZHYDSSN1,2051,0.0
REGION1,DEHYDSSN1,2051,0.13319999999999999
REGION1,GRHYDSSN1,2051,0.0576
REGION1,ESHYDSSN1,2051,0.5256
REGION1,FRHYDSSN1,2051,0.0
REGION1,HRHYDSSN1,2051,0.0
REGION1,IEHYDSSN1,2051,0.0072
REGION1,ITHYDSSN1,2051,0.033875999999999996
REGION1,LTHYDSSN1,2051,0.0
REGION1,LUHYDSSN1,2051,0.0
REGION1,SLHYDSSN1,2051,0.0
REGION1,STHYDSSN1,2051,0.0
REGION1,ROHYDSSN1,2051,0.0
REGION1,SEHYDSSN1,2051,0.0
REGION1,SIHYDSSN1,2051,0.018
REGION1,SKHYDSSN1,2051,0.0144
REGION1,CHHYDSSN1,2051,0.0
REGION1,UKHYDSSN1,2051,0.0
REGION1,MAHYDSSH1,2051,0.0133632
REGION1,ZAHYDSSH1,2051,0.0786816
REGION1,ATHYDSSH1,2052,0.172786176
REGION1,BEHYDSSH1,2052,0.03757824
REGION1,BGHYDSSH1,2052,0.0369216
REGION1,CZHYDSSH1,2052,0.033043968
REGION1,DEHYDSSH1,2052,0.192259008
REGION1,GRHYDSSH1,2052,0.0201312
REGION1,ESHYDSSH1,2052,0.1809071113846153
REGION1,FRHYDSSH1,2052,0.1704355199999997
REGION1,HRHYDSSH1,2052,0.00846144
REGION1,IEHYDSSH1,2052,0.0084096
REGION1,ITHYDSSH1,2052,0.2184566399999997
REGION1,LTHYDSSH1,2052,0.02592
REGION1,LUHYDSSH1,2052,0.034776
REGION1,SLHYDSSH1,2052,0.051332256
REGION1,STHYDSSH1,2052,0.07291008
REGION1,ROHYDSSH1,2052,0.0057168
REGION1,SEHYDSSH1,2052,0.0026496
REGION1,SIHYDSSH1,2052,0.0051264
REGION1,SKHYDSSH1,2052,0.0264096
REGION1,CHHYDSSH1,2052,0.005833891215181728
REGION1,UKHYDSSH1,2052,0.05813292775665398
REGION1,ATBATSH1,2052,1.4421122613075513e-05
REGION1,BEBATSH1,2052,2.0311440300106368e-05
REGION1,BGBATSH1,2052,0.0
REGION1,CHBATSH1,2052,0.0
REGION1,CYBATSH1,2052,0.0
REGION1,CZBATSH1,2052,0.0
REGION1,DEBATSH1,2052,0.0
REGION1,DKBATSH1,2052,0.0
REGION1,EEBATSH1,2052,0.0
REGION1,GRBATSH1,2052,0.00039484322814190264
REGION1,ESBATSH1,2052,0.0
REGION1,FIBATSH1,2052,0.0
REGION1,FRBATSH1,2052,0.0
REGION1,HRBATSH1,2052,0.0001664928761399718
REGION1,HUBATSH1,2052,0.0
REGION1,IEBATSH1,2052,0.0
REGION1,ITBATSH1,2052,0.0
REGION1,LTBATSH1,2052,0.0
REGION1,LUBATSH1,2052,0.0
REGION1,LVBATSH1,2052,0.0
REGION1,MTBATSH1,2052,0.0
REGION1,NLBATSH1,2052,0.0
REGION1,NOBATSH1,2052,0.0
REGION1,PLBATSH1,2052,0.0
REGION1,PTBATSH1,2052,0.0
REGION1,ROBATSH1,2052,0.0
REGION1,SEBATSH1,2052,0.0
REGION1,SIBATSH1,2052,0.0
REGION1,SKBATSH1,2052,0.0
REGION1,UKBATSH1,2052,0.0005991874888531375
REGION1,ATHYDSSN1,2052,0.2304
REGION1,BEHYDSSN1,2052,0.0
REGION1,BGHYDSSN1,2052,0.4104
REGION1,CZHYDSSN1,2052,0.0
REGION1,DEHYDSSN1,2052,0.13319999999999999
REGION1,GRHYDSSN1,2052,0.0576
REGION1,ESHYDSSN1,2052,0.5256
REGION1,FRHYDSSN1,2052,0.0
REGION1,HRHYDSSN1,2052,0.0
REGION1,IEHYDSSN1,2052,0.0072
REGION1,ITHYDSSN1,2052,0.033875999999999996
REGION1,LTHYDSSN1,2052,0.0
REGION1,LUHYDSSN1,2052,0.0
REGION1,SLHYDSSN1,2052,0.0
REGION1,STHYDSSN1,2052,0.0
REGION1,ROHYDSSN1,2052,0.0
REGION1,SEHYDSSN1,2052,0.0
REGION1,SIHYDSSN1,2052,0.018
REGION1,SKHYDSSN1,2052,0.0144
REGION1,CHHYDSSN1,2052,0.0
REGION1,UKHYDSSN1,2052,0.0
REGION1,MAHYDSSH1,2052,0.0133632
REGION1,ZAHYDSSH1,2052,0.0786816
REGION1,ATHYDSSH1,2053,0.172786176
REGION1,BEHYDSSH1,2053,0.03757824
REGION1,BGHYDSSH1,2053,0.0369216
REGION1,CZHYDSSH1,2053,0.033043968
REGION1,DEHYDSSH1,2053,0.192259008
REGION1,GRHYDSSH1,2053,0.0201312
REGION1,ESHYDSSH1,2053,0.1809017944615382
REGION1,FRHYDSSH1,2053,0.1704355199999997
REGION1,HRHYDSSH1,2053,0.00846144
REGION1,IEHYDSSH1,2053,0.0084096
REGION1,ITHYDSSH1,2053,0.2184566399999997
REGION1,LTHYDSSH1,2053,0.02592
REGION1,LUHYDSSH1,2053,0.034776
REGION1,SLHYDSSH1,2053,0.051332256
REGION1,STHYDSSH1,2053,0.07291008
REGION1,ROHYDSSH1,2053,0.0057168
REGION1,SEHYDSSH1,2053,0.0026496
REGION1,SIHYDSSH1,2053,0.0051264
REGION1,SKHYDSSH1,2053,0.0264096
REGION1,CHHYDSSH1,2053,0.005499965125348876
REGION1,UKHYDSSH1,2053,0.05759269961977181
REGION1,ATBATSH1,2053,1.3844277708552492e-05
REGION1,BEBATSH1,2053,1.9498982688102114e-05
REGION1,BGBATSH1,2053,0.0
REGION1,CHBATSH1,2053,0.0
REGION1,CYBATSH1,2053,0.0
REGION1,CZBATSH1,2053,0.0
REGION1,DEBATSH1,2053,0.0
REGION1,DKBATSH1,2053,0.0
REGION1,EEBATSH1,2053,0.0
REGION1,GRBATSH1,2053,0.0003790494990162265
REGION1,ESBATSH1,2053,0.0
REGION1,FIBATSH1,2053,0.0
REGION1,FRBATSH1,2053,0.0
REGION1,HRBATSH1,2053,0.0001598331610943729
REGION1,HUBATSH1,2053,0.0
REGION1,IEBATSH1,2053,0.0
REGION1,ITBATSH1,2053,0.0
REGION1,LTBATSH1,2053,0.0
REGION1,LUBATSH1,2053,0.0
REGION1,LVBATSH1,2053,0.0
REGION1,MTBATSH1,2053,0.0
REGION1,NLBATSH1,2053,0.0
REGION1,NOBATSH1,2053,0.0
REGION1,PLBATSH1,2053,0.0
REGION1,PTBATSH1,2053,0.0
REGION1,ROBATSH1,2053,0.0
REGION1,SEBATSH1,2053,0.0
REGION1,SIBATSH1,2053,0.0
REGION1,SKBATSH1,2053,0.0
REGION1,UKBATSH1,2053,0.0005752199892990119
REGION1,ATHYDSSN1,2053,0.2304
REGION1,BEHYDSSN1,2053,0.0
REGION1,BGHYDSSN1,2053,0.4104
REGION1,CZHYDSSN1,2053,0.0
REGION1,DEHYDSSN1,2053,0.13319999999999999
REGION1,GRHYDSSN1,2053,0.0576
REGION1,ESHYDSSN1,2053,0.5256
REGION1,FRHYDSSN1,2053,0.0
REGION1,HRHYDSSN1,2053,0.0
REGION1,IEHYDSSN1,2053,0.0072
REGION1,ITHYDSSN1,2053,0.033875999999999996
REGION1,LTHYDSSN1,2053,0.0
REGION1,LUHYDSSN1,2053,0.0
REGION1,SLHYDSSN1,2053,0.0
REGION1,STHYDSSN1,2053,0.0
REGION1,ROHYDSSN1,2053,0.0
REGION1,SEHYDSSN1,2053,0.0
REGION1,SIHYDSSN1,2053,0.018
REGION1,SKHYDSSN1,2053,0.0144
REGION1,CHHYDSSN1,2053,0.0
REGION1,UKHYDSSN1,2053,0.0
REGION1,MAHYDSSH1,2053,0.0133632
REGION1,ZAHYDSSH1,2053,0.0786816
REGION1,ATHYDSSH1,2054,0.172786176
REGION1,BEHYDSSH1,2054,0.03757824
REGION1,BGHYDSSH1,2054,0.0369216
REGION1,CZHYDSSH1,2054,0.033043968
REGION1,DEHYDSSH1,2054,0.192259008
REGION1,GRHYDSSH1,2054,0.0201312
REGION1,ESHYDSSH1,2054,0.1808964775384615
REGION1,FRHYDSSH1,2054,0.1704355199999997
REGION1,HRHYDSSH1,2054,0.00846144
REGION1,IEHYDSSH1,2054,0.0084096
REGION1,ITHYDSSH1,2054,0.2184566399999997
REGION1,LTHYDSSH1,2054,0.02592
REGION1,LUHYDSSH1,2054,0.034776
REGION1,SLHYDSSH1,2054,0.051332256
REGION1,STHYDSSH1,2054,0.07291008
REGION1,ROHYDSSH1,2054,0.0057168
REGION1,SEHYDSSH1,2054,0.0026496
REGION1,SIHYDSSH1,2054,0.0051264
REGION1,SKHYDSSH1,2054,0.0264096
REGION1,CHHYDSSH1,2054,0.005166039035516025
REGION1,UKHYDSSH1,2054,0.05705247148288963
REGION1,ATBATSH1,2054,1.3290506600210391e-05
REGION1,BEBATSH1,2054,1.871902338057803e-05
REGION1,BGBATSH1,2054,0.0
REGION1,CHBATSH1,2054,0.0
REGION1,CYBATSH1,2054,0.0
REGION1,CZBATSH1,2054,0.0
REGION1,DEBATSH1,2054,0.0
REGION1,DKBATSH1,2054,0.0
REGION1,EEBATSH1,2054,0.0
REGION1,GRBATSH1,2054,0.00036388751905557746
REGION1,ESBATSH1,2054,0.0
REGION1,FIBATSH1,2054,0.0
REGION1,FRBATSH1,2054,0.0
REGION1,HRBATSH1,2054,0.000153439834650598
REGION1,HUBATSH1,2054,0.0
REGION1,IEBATSH1,2054,0.0
REGION1,ITBATSH1,2054,0.0
REGION1,LTBATSH1,2054,0.0
REGION1,LUBATSH1,2054,0.0
REGION1,LVBATSH1,2054,0.0
REGION1,MTBATSH1,2054,0.0
REGION1,NLBATSH1,2054,0.0
REGION1,NOBATSH1,2054,0.0
REGION1,PLBATSH1,2054,0.0
REGION1,PTBATSH1,2054,0.0
REGION1,ROBATSH1,2054,0.0
REGION1,SEBATSH1,2054,0.0
REGION1,SIBATSH1,2054,0.0
REGION1,SKBATSH1,2054,0.0
REGION1,UKBATSH1,2054,0.0005522111897270514
REGION1,ATHYDSSN1,2054,0.2304
REGION1,BEHYDSSN1,2054,0.0
REGION1,BGHYDSSN1,2054,0.4104
REGION1,CZHYDSSN1,2054,0.0
REGION1,DEHYDSSN1,2054,0.13319999999999999
REGION1,GRHYDSSN1,2054,0.0576
REGION1,ESHYDSSN1,2054,0.5256
REGION1,FRHYDSSN1,2054,0.0
REGION1,HRHYDSSN1,2054,0.0
REGION1,IEHYDSSN1,2054,0.0072
REGION1,ITHYDSSN1,2054,0.033875999999999996
REGION1,LTHYDSSN1,2054,0.0
REGION1,LUHYDSSN1,2054,0.0
REGION1,SLHYDSSN1,2054,0.0
REGION1,STHYDSSN1,2054,0.0
REGION1,ROHYDSSN1,2054,0.0
REGION1,SEHYDSSN1,2054,0.0
REGION1,SIHYDSSN1,2054,0.018
REGION1,SKHYDSSN1,2054,0.0144
REGION1,CHHYDSSN1,2054,0.0
REGION1,UKHYDSSN1,2054,0.0
REGION1,MAHYDSSH1,2054,0.0133632
REGION1,ZAHYDSSH1,2054,0.0786816
REGION1,ATHYDSSH1,2055,0.172786176
REGION1,BEHYDSSH1,2055,0.03757824
REGION1,BGHYDSSH1,2055,0.0369216
REGION1,CZHYDSSH1,2055,0.033043968
REGION1,DEHYDSSH1,2055,0.192259008
REGION1,GRHYDSSH1,2055,0.0201312
REGION1,ESHYDSSH1,2055,0.1808911606153844
REGION1,FRHYDSSH1,2055,0.1704355199999997
REGION1,HRHYDSSH1,2055,0.00846144
REGION1,IEHYDSSH1,2055,0.0084096
REGION1,ITHYDSSH1,2055,0.2184566399999997
REGION1,LTHYDSSH1,2055,0.02592
REGION1,LUHYDSSH1,2055,0.034776
REGION1,SLHYDSSH1,2055,0.051332256
REGION1,STHYDSSH1,2055,0.07291008
REGION1,ROHYDSSH1,2055,0.0057168
REGION1,SEHYDSSH1,2055,0.0026496
REGION1,SIHYDSSH1,2055,0.0051264
REGION1,SKHYDSSH1,2055,0.0264096
REGION1,CHHYDSSH1,2055,0.004832112945683174
REGION1,UKHYDSSH1,2055,0.05651224334600746
REGION1,ATBATSH1,2055,1.2758886336201975e-05
REGION1,BEBATSH1,2055,1.7970262445354907e-05
REGION1,BGBATSH1,2055,0.0
REGION1,CHBATSH1,2055,0.0
REGION1,CYBATSH1,2055,0.0
REGION1,CZBATSH1,2055,0.0
REGION1,DEBATSH1,2055,0.0
REGION1,DKBATSH1,2055,0.0
REGION1,EEBATSH1,2055,0.0
REGION1,GRBATSH1,2055,0.00034933201829335435
REGION1,ESBATSH1,2055,0.0
REGION1,FIBATSH1,2055,0.0
REGION1,FRBATSH1,2055,0.0
REGION1,HRBATSH1,2055,0.00014730224126457405
REGION1,HUBATSH1,2055,0.0
REGION1,IEBATSH1,2055,0.0
REGION1,ITBATSH1,2055,0.0
REGION1,LTBATSH1,2055,0.0
REGION1,LUBATSH1,2055,0.0
REGION1,LVBATSH1,2055,0.0
REGION1,MTBATSH1,2055,0.0
REGION1,NLBATSH1,2055,0.0
REGION1,NOBATSH1,2055,0.0
REGION1,PLBATSH1,2055,0.0
REGION1,PTBATSH1,2055,0.0
REGION1,ROBATSH1,2055,0.0
REGION1,SEBATSH1,2055,0.0
REGION1,SIBATSH1,2055,0.0
REGION1,SKBATSH1,2055,0.0
REGION1,UKBATSH1,2055,0.0005301227421379693
REGION1,ATHYDSSN1,2055,0.2304
REGION1,BEHYDSSN1,2055,0.0
REGION1,BGHYDSSN1,2055,0.4104
REGION1,CZHYDSSN1,2055,0.0
REGION1,DEHYDSSN1,2055,0.13319999999999999
REGION1,GRHYDSSN1,2055,0.0576
REGION1,ESHYDSSN1,2055,0.5256
REGION1,FRHYDSSN1,2055,0.0
REGION1,HRHYDSSN1,2055,0.0
REGION1,IEHYDSSN1,2055,0.0072
REGION1,ITHYDSSN1,2055,0.033875999999999996
REGION1,LTHYDSSN1,2055,0.0
REGION1,LUHYDSSN1,2055,0.0
REGION1,SLHYDSSN1,2055,0.0
REGION1,STHYDSSN1,2055,0.0
REGION1,ROHYDSSN1,2055,0.0
REGION1,SEHYDSSN1,2055,0.0
REGION1,SIHYDSSN1,2055,0.018
REGION1,SKHYDSSN1,2055,0.0144
REGION1,CHHYDSSN1,2055,0.0
REGION1,UKHYDSSN1,2055,0.0
REGION1,MAHYDSSH1,2055,0.0133632
REGION1,ZAHYDSSH1,2055,0.0786816
