REGION,TECHNOLOGY,STORAGE,MODE_OF_OPERATION,VALUE
REGION1,ATHYDSPH1,ATHYDSSH1,2,1.0
REGION1,BEHYDSPH1,BEHYDSSH1,2,1.0
REGION1,BGHYDSPH1,BGHYDSSH1,2,1.0
REGION1,CZHYDSPH1,CZHYDSSH1,2,1.0
REGION1,DEHYDSPH1,DEHYDSSH1,2,1.0
REGION1,GRHYDSPH1,GRHYDSSH1,2,1.0
REGION1,ESHYDSPH1,ESHYDSSH1,2,1.0
REGION1,FRHYDSPH1,FRHYDSSH1,2,1.0
REGION1,HRHYDSPH1,HRHYDSSH1,2,1.0
REGION1,IEHYDSPH1,IEHYDSSH1,2,1.0
REGION1,ITHYDSPH1,ITHYDSSH1,2,1.0
REGION1,LTHYDSPH1,LTHYDSSH1,2,1.0
REGION1,LUHYDSPH1,LUHYDSSH1,2,1.0
REGION1,PLHYDSPH1,SLHYDSSH1,2,1.0
REGION1,PTHYDSPH1,STHYDSSH1,2,1.0
REGION1,ROHYDSPH1,ROHYDSSH1,2,1.0
REGION1,SEHYDSPH1,SEHYDSSH1,2,1.0
REGION1,SIHYDSPH1,SIHYDSSH1,2,1.0
REGION1,SKHYDSPH1,SKHYDSSH1,2,1.0
REGION1,CHHYDSPH1,CHHYDSSH1,2,1.0
REGION1,UKHYDSPH1,UKHYDSSH1,2,1.0
REGION1,ATHYDSPN1,ATHYDSSN1,2,1.0
REGION1,BEHYDSPN1,BEHYDSSN1,2,1.0
REGION1,BGHYDSPN1,BGHYDSSN1,2,1.0
REGION1,CZHYDSPN1,CZHYDSSN1,2,1.0
REGION1,DEHYDSPN1,DEHYDSSN1,2,1.0
REGION1,GRHYDSPN1,GRHYDSSN1,2,1.0
REGION1,ESHYDSPN1,ESHYDSSN1,2,1.0
REGION1,FRHYDSPN1,FRHYDSSN1,2,1.0
REGION1,HRHYDSPN1,HRHYDSSN1,2,1.0
REGION1,IEHYDSPN1,IEHYDSSN1,2,1.0
REGION1,ITHYDSPN1,ITHYDSSN1,2,1.0
REGION1,LTHYDSPN1,LTHYDSSN1,2,1.0
REGION1,LUHYDSPN1,LUHYDSSN1,2,1.0
REGION1,PLHYDSPN1,SLHYDSSN1,2,1.0
REGION1,PTHYDSPN1,STHYDSSN1,2,1.0
REGION1,ROHYDSPN1,ROHYDSSN1,2,1.0
REGION1,SEHYDSPN1,SEHYDSSN1,2,1.0
REGION1,SIHYDSPN1,SIHYDSSN1,2,1.0
REGION1,SKHYDSPN1,SKHYDSSN1,2,1.0
REGION1,CHHYDSPN1,CHHYDSSN1,2,1.0
REGION1,UKHYDSPN1,UKHYDSSN1,2,1.0
REGION1,ATBATTH1,ATBATSH1,2,1.0
REGION1,BEBATTH1,BEBATSH1,2,1.0
REGION1,BGBATTH1,BGBATSH1,2,1.0
REGION1,CHBATTH1,CHBATSH1,2,1.0
REGION1,CYBATTH1,CYBATSH1,2,1.0
REGION1,CZBATTH1,CZBATSH1,2,1.0
REGION1,DEBATTH1,DEBATSH1,2,1.0
REGION1,DKBATTH1,DKBATSH1,2,1.0
REGION1,EEBATTH1,EEBATSH1,2,1.0
REGION1,GRBATTH1,GRBATSH1,2,1.0
REGION1,ESBATTH1,ESBATSH1,2,1.0
REGION1,FIBATTH1,FIBATSH1,2,1.0
REGION1,FRBATTH1,FRBATSH1,2,1.0
REGION1,HRBATTH1,HRBATSH1,2,1.0
REGION1,HUBATTH1,HUBATSH1,2,1.0
REGION1,IEBATTH1,IEBATSH1,2,1.0
REGION1,ITBATTH1,ITBATSH1,2,1.0
REGION1,LTBATTH1,LTBATSH1,2,1.0
REGION1,LUBATTH1,LUBATSH1,2,1.0
REGION1,LVBATTH1,LVBATSH1,2,1.0
REGION1,MTBATTH1,MTBATSH1,2,1.0
REGION1,NLBATTH1,NLBATSH1,2,1.0
REGION1,NOBATTH1,NOBATSH1,2,1.0
REGION1,PLBATTH1,PLBATSH1,2,1.0
REGION1,PTBATTH1,PTBATSH1,2,1.0
REGION1,ROBATTH1,ROBATSH1,2,1.0
REGION1,SEBATTH1,SEBATSH1,2,1.0
REGION1,SIBATTH1,SIBATSH1,2,1.0
REGION1,SKBATTH1,SKBATSH1,2,1.0
REGION1,UKBATTH1,UKBATSH1,2,1.0
REGION1,DZBATTN1,DZBATSN1,2,1.0
REGION1,AOBATTN1,AOBATSN1,2,1.0
REGION1,BJBATTN1,BJBATSN1,2,1.0
REGION1,BWBATTN1,BWBATSN1,2,1.0
REGION1,BFBATTN1,BFBATSN1,2,1.0
REGION1,BIBATTN1,BIBATSN1,2,1.0
REGION1,CMBATTN1,CMBATSN1,2,1.0
REGION1,CFBATTN1,CFBATSN1,2,1.0
REGION1,TDBATTN1,TDBATSN1,2,1.0
REGION1,CIBATTN1,CIBATSN1,2,1.0
REGION1,DJBATTN1,DJBATSN1,2,1.0
REGION1,CDBATTN1,CDBATSN1,2,1.0
REGION1,EGBATTN1,EGBATSN1,2,1.0
REGION1,GQBATTN1,GQBATSN1,2,1.0
REGION1,ERBATTN1,ERBATSN1,2,1.0
REGION1,SZBATTN1,SZBATSN1,2,1.0
REGION1,ETBATTN1,ETBATSN1,2,1.0
REGION1,GABATTN1,GABATSN1,2,1.0
REGION1,GMBATTN1,GMBATSN1,2,1.0
REGION1,GHBATTN1,GHBATSN1,2,1.0
REGION1,GNBATTN1,GNBATSN1,2,1.0
REGION1,GWBATTN1,GWBATSN1,2,1.0
REGION1,KEBATTN1,KEBATSN1,2,1.0
REGION1,LSBATTN1,LSBATSN1,2,1.0
REGION1,LRBATTN1,LRBATSN1,2,1.0
REGION1,LYBATTN1,LYBATSN1,2,1.0
REGION1,MWBATTN1,MWBATSN1,2,1.0
REGION1,MLBATTN1,MLBATSN1,2,1.0
REGION1,MRBATTN1,MRBATSN1,2,1.0
REGION1,MABATTN1,MABATSN1,2,1.0
REGION1,MZBATTN1,MZBATSN1,2,1.0
REGION1,NABATTN1,NABATSN1,2,1.0
REGION1,NEBATTN1,NEBATSN1,2,1.0
REGION1,NGBATTN1,NGBATSN1,2,1.0
REGION1,CGBATTN1,CGBATSN1,2,1.0
REGION1,RWBATTN1,RWBATSN1,2,1.0
REGION1,SNBATTN1,SNBATSN1,2,1.0
REGION1,SLBATTN1,SLBATSN1,2,1.0
REGION1,SOBATTN1,SOBATSN1,2,1.0
REGION1,ZABATTN1,ZABATSN1,2,1.0
REGION1,SSBATTN1,SSBATSN1,2,1.0
REGION1,SDBATTN1,SDBATSN1,2,1.0
REGION1,TZBATTN1,TZBATSN1,2,1.0
REGION1,TGBATTN1,TGBATSN1,2,1.0
REGION1,TNBATTN1,TNBATSN1,2,1.0
REGION1,UGBATTN1,UGBATSN1,2,1.0
REGION1,ZMBATTN1,ZMBATSN1,2,1.0
REGION1,ZWBATTN1,ZWBATSN1,2,1.0
REGION1,MAHYDSPH1,MAHYDSSH1,2,1.0
REGION1,ZAHYDSPH1,ZAHYDSSH1,2,1.0
REGION1,MAHYDSPN1,MAHYDSSN1,2,1.0
REGION1,ZAHYDSPN1,ZAHYDSSN1,2,1.0
REGION1,TNHYDSPN1,TNHYDSSN1,2,1.0
